parcel,estimate,se,df,statistic,p.value,term,p.fdr,network
LH_Vis_1,0.0686076777440046,0.0420383180622041,51.9999982791502,1.63202718154627,0.108715805634972,(Intercept),0.165978329213698,Vis
LH_Vis_2,0.0870397381556,0.0673225810766416,51.9999419138193,1.2928758339867,0.201768948827578,(Intercept),0.274342100697791,Vis
LH_Vis_3,0.12763607818017,0.0659904578496066,51.9999383413375,1.93415960942496,0.0585437724280558,(Intercept),0.102259864503154,Vis
LH_Vis_4,0.163960550536051,0.0581873004675166,51.999997200052,2.81780644949465,0.00682148676276161,(Intercept),0.0203626470530197,Vis
LH_Vis_5,0.110198092667652,0.0616952187062124,51.9999972068001,1.7861690902241,0.0799029089018859,(Intercept),0.130988375248993,Vis
LH_Vis_6,0.13462048624364,0.0628708324246932,51.9999971187637,2.14122321992299,0.0369630159293528,(Intercept),0.074170180917559,Vis
LH_Vis_7,-0.0280100618029255,0.0629090275299637,51.9999972422138,-0.445247095730169,0.657989271743913,(Intercept),0.740708162376911,Vis
LH_Vis_8,0.0516042097274803,0.0629911522666054,51.9999993444372,0.819229492882894,0.416394459090897,(Intercept),0.498675998911254,Vis
LH_Vis_9,0.226776559628552,0.0585199741126269,51.9999430657878,3.87519924721943,0.00030020621501065,(Intercept),0.00196856534433213,Vis
LH_Vis_10,0.00735768885700762,0.0569124788859556,51.9999972331448,0.129280765853678,0.897634257563513,(Intercept),0.935068868188932,Vis
LH_Vis_11,0.0720116360314235,0.0538147563726577,51.9999976847345,1.33813921840983,0.186673361605904,(Intercept),0.260171932551783,Vis
LH_Vis_12,0.0298746790581964,0.0674168131197356,51.9999406314744,0.443133955399783,0.659507005187578,(Intercept),0.740708162376911,Vis
LH_Vis_13,0.0493068698938656,0.059240277403188,51.9999993166582,0.832320037232173,0.409034610180128,(Intercept),0.492812783349552,Vis
LH_Vis_14,0.0696845487849804,0.0638840297087969,51.9999330238985,1.09079763913805,0.28039067592112,(Intercept),0.359475225539897,Vis
LH_Vis_15,0.0872348815260608,0.0566685643944407,51.999997123215,1.53938753272209,0.129773341439281,(Intercept),0.189450133488001,Vis
LH_Vis_16,0.0361682811102854,0.0613154207027071,51.9999380022339,0.589872509978368,0.557830721580179,(Intercept),0.646760256904555,Vis
LH_Vis_17,0.0667561665253086,0.0663542232924279,51.9999435056917,1.00605753805767,0.319046615730974,(Intercept),0.402467152455246,Vis
LH_Vis_18,0.0655888431767112,0.0516129076441402,51.999997847726,1.27078372776306,0.209461471195515,(Intercept),0.280216014977278,Vis
LH_Vis_19,0.100623310040346,0.0666919288340551,51.9999333946934,1.50877792559756,0.137407980577393,(Intercept),0.199866153567118,Vis
LH_Vis_20,0.0049825329392502,0.0502710822843167,51.9999991958952,0.099113301581029,0.92142941531672,(Intercept),0.942638788047796,Vis
LH_Vis_21,0.0683556391902691,0.0612077370618523,51.9999992786017,1.11678102265394,0.269221721696382,(Intercept),0.346265879995347,Vis
LH_Vis_22,0.151192655419533,0.0727272268128435,51.9999994888039,2.07890032447701,0.0425765037381864,(Intercept),0.0810981023584503,Vis
LH_Vis_23,0.110774965560021,0.0592856108240494,51.9999972289486,1.86849665577005,0.0673310800341695,(Intercept),0.115095863306273,Vis
LH_Vis_24,-0.00454753066408976,0.0603169688762528,51.9999971376927,-0.075393885813784,0.940190635511259,(Intercept),0.954508259402294,Vis
LH_Vis_25,0.182014301951935,0.0590602756276585,51.9999976727793,3.08183969711607,0.0032867267501471,(Intercept),0.0118954910876306,Vis
LH_Vis_26,0.0565438456872816,0.0586288545929145,51.9999972383184,0.964437154365201,0.339290694316224,(Intercept),0.421479123374191,Vis
LH_Vis_27,0.283680950970691,0.0536836205826575,51.9999977015241,5.28431107834658,2.5280567937554e-06,(Intercept),5.94836892648329e-05,Vis
LH_Vis_28,0.33390662489279,0.0525259093564919,51.9999977939568,6.35698894095436,5.23456969218253e-08,(Intercept),2.99118268124716e-06,Vis
LH_Vis_29,0.0584671430576351,0.0615339715227795,51.9999431245912,0.95016040100696,0.346426173464271,(Intercept),0.429010741132224,Vis
LH_Vis_30,0.189938992792314,0.0669433151853288,51.9999430330562,2.83731082433665,0.00647150710503342,(Intercept),0.0196106275910104,Vis
LH_Vis_31,0.224595156256434,0.066521542637242,51.9999430454523,3.37627702774731,0.00139693220465433,(Intercept),0.00634969183933788,Vis
LH_SomMot_1,-0.0340242302208133,0.0643474394975988,51.9999928619282,-0.528758105784194,0.599223059078438,(Intercept),0.688762136871768,SomMot
LH_SomMot_2,-0.0669864144966056,0.062437514647674,51.9999418608025,-1.07285523574409,0.288289832294953,(Intercept),0.368421510920067,SomMot
LH_SomMot_3,-0.0020188570416013,0.0588101218321785,51.9999972453978,-0.0343283941387222,0.972746719094304,(Intercept),0.977634893562114,SomMot
LH_SomMot_4,0.07821002553742,0.0609594536151787,51.9999386248204,1.28298435926181,0.205186582841393,(Intercept),0.276345566116354,SomMot
LH_SomMot_5,0.0762652099453534,0.054041069573396,51.999997439448,1.41124538332413,0.164127673952541,(Intercept),0.233633699576571,SomMot
LH_SomMot_6,0.103942698705543,0.0639226662721597,51.9999992015275,1.62606951129028,0.109980772052918,(Intercept),0.167271136202157,SomMot
LH_SomMot_7,0.161222141108271,0.0646881112407044,51.9999971629113,2.49229940426555,0.0159165182833454,(Intercept),0.0402949829958111,SomMot
LH_SomMot_8,0.0684720281988621,0.0588082856325968,51.9999971928686,1.16432620781771,0.249606012382852,(Intercept),0.323114579136379,SomMot
LH_SomMot_9,0.193193614438284,0.0688491050103005,51.9999466012288,2.80604394798423,0.00704092771949129,(Intercept),0.0207765567382298,SomMot
LH_SomMot_10,0.0329657437746039,0.0653206109844273,51.9999395352239,0.50467598630489,0.615918505221475,(Intercept),0.69990739229713,SomMot
LH_SomMot_11,0.105860524823078,0.059192550997791,51.9999991983008,1.7884095724651,0.0795364171500392,(Intercept),0.130924143456855,SomMot
LH_SomMot_12,0.0756225649572895,0.063174762781444,51.9999972845441,1.19703757683918,0.236720676957153,(Intercept),0.309438793408043,SomMot
LH_SomMot_13,0.0540916753066281,0.0558967664060325,51.9999974939822,0.967706699054962,0.337670334322358,(Intercept),0.420773002270851,SomMot
LH_SomMot_14,0.0188085352166735,0.0693694720157973,51.9999988325789,0.271135625947827,0.787360165606952,(Intercept),0.837617197454204,SomMot
LH_SomMot_15,0.154486114810512,0.0588816437423247,51.9999972215479,2.62367191185367,0.011390100203479,(Intercept),0.0303884746921449,SomMot
LH_SomMot_16,0.302156342246039,0.0646649043512629,51.9999992896403,4.67264809679005,2.14011326354602e-05,(Intercept),0.000389111502462913,SomMot
LH_SomMot_17,0.110919574050678,0.0642855603937054,51.9999389582423,1.72541972678423,0.0903908248560904,(Intercept),0.144049123276638,SomMot
LH_SomMot_18,0.145276658189734,0.0638756549026496,51.9999971134092,2.27436663328376,0.027098367208989,(Intercept),0.0565333571870216,SomMot
LH_SomMot_19,0.141475414910049,0.0622203117025247,51.9999992949477,2.27378184131321,0.0271360114497704,(Intercept),0.0565333571870216,SomMot
LH_SomMot_20,0.147975999840128,0.0636436283871543,51.9999402947961,2.32507170929927,0.0240056669662101,(Intercept),0.0510758871621491,SomMot
LH_SomMot_21,0.137827113470879,0.0656685618291729,51.9999424221799,2.0988294799179,0.0407056750976192,(Intercept),0.0798150492110181,SomMot
LH_SomMot_22,0.0553499024620745,0.0668402886846833,51.9999991967026,0.828091912097893,0.411403020246137,(Intercept),0.494177802097462,SomMot
LH_SomMot_23,0.0455511623990941,0.0592529713283047,51.9999974447738,0.768757437440687,0.445514945055202,(Intercept),0.528801121727243,SomMot
LH_SomMot_24,-0.00649750403961377,0.058295034749431,51.9999971085029,-0.111458961600108,0.911681525145655,(Intercept),0.942293738684722,SomMot
LH_SomMot_25,0.050095386535046,0.0582952983595937,51.9999004125252,0.859338367667892,0.39409820978981,(Intercept),0.477684641429922,SomMot
LH_SomMot_26,0.123386258259092,0.0768985122533213,51.9999347145286,1.60453375031014,0.11465350621725,(Intercept),0.173061896176982,SomMot
LH_SomMot_27,0.118670533512502,0.0608298580943822,51.9999993571551,1.95085994329258,0.0564718513302021,(Intercept),0.10082673951782,SomMot
LH_SomMot_28,-0.00685536729464824,0.0753112258364736,51.9999362265076,-0.0910271638591248,0.927820756212322,(Intercept),0.946755873686043,SomMot
LH_SomMot_29,0.0974565275056286,0.0591809400071963,51.9999393131579,1.64675531503518,0.105639436906602,(Intercept),0.163149709508265,SomMot
LH_SomMot_30,0.121331226262585,0.0626257239750124,51.9999970950939,1.93740237336012,0.0581364462883642,(Intercept),0.101993765418183,SomMot
LH_SomMot_31,0.077031022359446,0.0490123011884897,51.9999990804502,1.5716671221619,0.122093275540199,(Intercept),0.180878926726221,SomMot
LH_SomMot_32,0.21271069895463,0.0633606435637202,51.9999992430198,3.35714233616822,0.00147864594425318,(Intercept),0.00642889540979644,SomMot
LH_SomMot_33,0.0989123053589293,0.0556102210835633,51.9999851964493,1.77867132033691,0.0811396584815648,(Intercept),0.131934404035065,SomMot
LH_SomMot_34,0.260990576499362,0.0573807174568836,51.999997206265,4.54840211252976,3.26925571815491e-05,(Intercept),0.000502962418177678,SomMot
LH_SomMot_35,0.0592898909132917,0.0604067177295466,51.9999971954534,0.981511546095665,0.330885267558816,(Intercept),0.414903156813562,SomMot
LH_SomMot_36,0.196423462301033,0.0591870614897792,51.9999970681137,3.31868920937987,0.00165675673999059,(Intercept),0.00690315308329413,SomMot
LH_SomMot_37,0.121832539365855,0.0577782356896671,51.9999974441043,2.10862339272924,0.0398128367128379,(Intercept),0.0788373004214613,SomMot
LH_DorsAttn_Post_1,0.0238564820909296,0.0598599107078403,51.9999991084242,0.398538551241188,0.691865041115763,(Intercept),0.762385720237755,DorsAttn
LH_DorsAttn_Post_2,0.222978665224875,0.0643892834135655,51.9999432969833,3.46297789637923,0.00107747743495225,(Intercept),0.00507048204683412,DorsAttn
LH_DorsAttn_Post_3,0.198576090677656,0.0635007893763876,51.9999971284938,3.12714365644556,0.0028892077192163,(Intercept),0.0108904284678695,DorsAttn
LH_DorsAttn_Post_4,0.202456847179033,0.0605922985847796,51.9997618386596,3.34129669789238,0.00154972805345423,(Intercept),0.00665923341768644,DorsAttn
LH_DorsAttn_Post_5,0.230607383288436,0.0546007722616682,51.9999995333593,4.2235187111141,9.70344597772164e-05,(Intercept),0.000946677656363087,DorsAttn
LH_DorsAttn_Post_6,0.256714375946533,0.0676993372944585,51.9999385793532,3.79197767963301,0.000390689895208179,(Intercept),0.00244181184505112,DorsAttn
LH_DorsAttn_Post_7,0.267450010715224,0.0603771542366594,51.9999972207686,4.42965578779855,4.88274308286446e-05,(Intercept),0.000651032411048595,DorsAttn
LH_DorsAttn_Post_8,0.16237692367911,0.0643142923423872,51.9999431100224,2.52474088985806,0.0146681129403215,(Intercept),0.0378531946847007,DorsAttn
LH_DorsAttn_Post_9,0.209476084388955,0.0580858905519978,51.999997674593,3.60631613629878,0.00069638163269918,(Intercept),0.00386878684832878,DorsAttn
LH_DorsAttn_Post_10,0.307878022606191,0.0587868646272454,51.9999992023624,5.2371907322899,2.9878110594663e-06,(Intercept),6.63958013214734e-05,DorsAttn
LH_DorsAttn_Post_11,0.236103170194636,0.0576831717586908,51.9999971706575,4.09310311822553,0.00014882298366986,(Intercept),0.00116723908760674,DorsAttn
LH_DorsAttn_Post_12,0.22652081214765,0.0564690651344606,51.9999975497931,4.01141424261714,0.00019398342163707,(Intercept),0.00143691423434866,DorsAttn
LH_DorsAttn_Post_13,0.227951840671445,0.05617981528821,51.9999971904764,4.0575398744553,0.000167069822495626,(Intercept),0.00128515248073558,DorsAttn
LH_DorsAttn_Post_14,0.280003375468685,0.0646039192473265,51.9999483854042,4.33415462607978,6.72246628126753e-05,(Intercept),0.000726753111488381,DorsAttn
LH_DorsAttn_Post_15,0.247931700759395,0.0637443839420029,51.9999971336156,3.88946736052815,0.000286873509720958,(Intercept),0.00194490515065056,DorsAttn
LH_DorsAttn_Post_16,0.155462877013447,0.0586577831398675,51.9999974436099,2.65033672757034,0.0106291053643426,(Intercept),0.0291208366146373,DorsAttn
LH_DorsAttn_Post_17,0.155237618196421,0.0680635350330546,51.9999991208698,2.28077513342542,0.0266888660858516,(Intercept),0.0561870864965297,DorsAttn
LH_DorsAttn_FEF_1,0.197596979564969,0.0745401803424741,51.9998698539521,2.65087874294255,0.0106141373813404,(Intercept),0.0291208366146373,DorsAttn
LH_DorsAttn_FEF_2,0.250619664416159,0.0572385984769049,51.9999996172076,4.37850805374421,5.79666507361836e-05,(Intercept),0.000702626069529498,DorsAttn
LH_DorsAttn_FEF_3,0.222156220333409,0.0550334690830115,51.9999974617184,4.0367475290048,0.000178721883307785,(Intercept),0.00134884440232291,DorsAttn
LH_DorsAttn_FEF_4,0.204174609791316,0.0624410616383248,51.9999971455061,3.26987729603237,0.0019121820846362,(Intercept),0.0078048248352498,DorsAttn
LH_DorsAttn_PrCv_1,0.301555222610731,0.0506066867911001,51.9999987361447,5.95880192385493,2.23641316212335e-07,(Intercept),9.93961405388157e-06,DorsAttn
LH_DorsAttn_PrCv_2,0.311893001083645,0.0598430462878988,51.9999997091192,5.21185033902118,3.26821901689029e-06,(Intercept),6.88046108819009e-05,DorsAttn
LH_SalVentAttn_ParOper_1,0.0957572117071545,0.0596051581784235,51.9999971707277,1.60652558660297,0.11421467975846,(Intercept),0.173052545088575,SalVentAttn
LH_SalVentAttn_ParOper_2,0.302189006366538,0.0557735462952221,51.9999974470332,5.41814222762495,1.56981896543079e-06,(Intercept),4.48519704408798e-05,SalVentAttn
LH_SalVentAttn_ParOper_3,0.253594182409838,0.0722064923664357,51.9999353320317,3.51206898574841,0.000928790874714889,(Intercept),0.00458662160353032,SalVentAttn
LH_SalVentAttn_ParOper_4,0.175546411377062,0.0752040768705038,51.9999355185266,2.33426721904107,0.0234798037686049,(Intercept),0.0504942016529138,SalVentAttn
LH_SalVentAttn_TempOcc_1,0.1958205311466,0.0722345074595685,51.9999992032459,2.71090006748099,0.0090704854355668,(Intercept),0.025915672673048,SalVentAttn
LH_SalVentAttn_FrOperIns_1,0.0286383331974118,0.0556802129827542,51.9999974296938,0.514335913303384,0.609196276997123,(Intercept),0.694240771506692,SalVentAttn
LH_SalVentAttn_FrOperIns_2,0.121305149866656,0.0623093523655228,51.999997054148,1.94682090667623,0.0569671078275682,(Intercept),0.10082673951782,SalVentAttn
LH_SalVentAttn_FrOperIns_3,0.20501801484378,0.0542799819787665,51.9999997246878,3.77704647956553,0.000409484918715099,(Intercept),0.00251990719209292,SalVentAttn
LH_SalVentAttn_FrOperIns_4,-0.0291316956171937,0.0740872106924816,51.9999428043553,-0.393208157587582,0.695773257686566,(Intercept),0.764585997457764,SalVentAttn
LH_SalVentAttn_FrOperIns_5,0.302017659743796,0.0547559191835943,51.9999985481582,5.51570796814028,1.10730154373646e-06,(Intercept),3.40708167303528e-05,SalVentAttn
LH_SalVentAttn_FrOperIns_6,0.0815059064928443,0.0515580377369595,51.9999998407152,1.58085741952931,0.119974830192418,(Intercept),0.179066910734953,SalVentAttn
LH_SalVentAttn_FrOperIns_7,0.241877811028743,0.0574085149595217,51.9999997323504,4.21327413188252,0.000100369730897764,(Intercept),0.000955902199026325,SalVentAttn
LH_SalVentAttn_FrOperIns_8,0.210595767123439,0.0609481748530902,51.9999996735557,3.45532524363626,0.00110260460808175,(Intercept),0.00512839352596162,SalVentAttn
LH_SalVentAttn_FrOperIns_9,0.308991901513754,0.0535259535248905,51.9999998496853,5.77274912758102,4.38912653507779e-07,(Intercept),1.64512138438986e-05,SalVentAttn
LH_SalVentAttn_PFCl_1,0.161492570141988,0.0618092242601939,51.9999408842605,2.61275840418518,0.0117156750261526,(Intercept),0.0308307237530333,SalVentAttn
LH_SalVentAttn_Med_1,0.193394130301671,0.0628241139567308,51.9999978691268,3.0783423453432,0.00331945564367887,(Intercept),0.0118954910876306,SalVentAttn
LH_SalVentAttn_Med_2,0.127512502917894,0.0725840217644082,51.9999445298614,1.75675720107893,0.0848463293505783,(Intercept),0.136299324257957,SalVentAttn
LH_SalVentAttn_Med_3,0.196069947408642,0.0608179689379775,51.9999978643194,3.2238818696592,0.00218654802143695,(Intercept),0.00874619208574779,SalVentAttn
LH_SalVentAttn_Med_4,0.265320007837947,0.075418355216467,51.999999134754,3.51797658642145,0.000912275953568934,(Intercept),0.00456137976784467,SalVentAttn
LH_SalVentAttn_Med_5,0.124372711303757,0.0637396699814642,51.9999971372445,1.95126067235561,0.0564229168820378,(Intercept),0.10082673951782,SalVentAttn
LH_SalVentAttn_Med_6,0.153298075933703,0.0621620504477667,51.9999970987852,2.46610391435713,0.0169938730249915,(Intercept),0.0420129788338982,SalVentAttn
LH_SalVentAttn_Med_7,0.204553083412896,0.0638974500180062,52.0047181111796,3.20127146474943,0.0023345508099644,(Intercept),0.00924574578203723,SalVentAttn
LH_Limbic_OFC_1,0.0797504425864019,0.0610225118119049,51.9999407312239,1.30690199761399,0.196996195388758,(Intercept),0.270785148300698,Limbic
LH_Limbic_OFC_2,0.0268840741030401,0.0517912423286522,51.999996922839,0.519085329763699,0.605903575719996,(Intercept),0.693057187807761,Limbic
LH_Limbic_OFC_3,-0.000945836317273391,0.0560840543735814,51.9999719640821,-0.0168646209308101,0.98660915951831,(Intercept),0.98660915951831,Limbic
LH_Limbic_OFC_4,0.00482271218167927,0.0444532434717212,51.9999991451219,0.1084895455322,0.914024926524181,(Intercept),0.942293738684722,Limbic
LH_Limbic_OFC_5,0.0119660236186573,0.0578478364814277,51.9999971899657,0.206853433879053,0.836932195317986,(Intercept),0.880981258229459,Limbic
LH_Limbic_TempPole_1,-0.115349075498529,0.0591161738484512,51.9999970803061,-1.9512270160487,0.0564270254009484,(Intercept),0.10082673951782,Limbic
LH_Limbic_TempPole_2,0.0705163428652102,0.0516045443988061,51.9999996935921,1.36647544681824,0.177669689103987,(Intercept),0.251123235482667,Limbic
LH_Limbic_TempPole_3,-0.111452326819861,0.0535680980970956,51.9999977756814,-2.08057278079663,0.0424166762847762,(Intercept),0.0810981023584503,Limbic
LH_Limbic_TempPole_4,-0.05906376713502,0.0482675488632011,51.9999987956821,-1.22367446713355,0.226591003809877,(Intercept),0.298785549076715,Limbic
LH_Limbic_TempPole_5,0.0214322668318033,0.0507205130878258,51.9999972598085,0.422556191312417,0.674361321597521,(Intercept),0.747214760772877,Limbic
LH_Limbic_TempPole_6,0.00101937319392731,0.0572030768865541,51.9999978088858,0.0178202511020333,0.9858504500128,(Intercept),0.98660915951831,Limbic
LH_Limbic_TempPole_7,0.0845494668240884,0.0542543055035238,51.9999999040887,1.55839183709755,0.125206350922827,(Intercept),0.184126986651217,Limbic
LH_Limbic_TempPole_8,0.0134808710683647,0.0583538370921708,51.9999970945218,0.231019445166415,0.818206275416657,(Intercept),0.863542243183807,Limbic
LH_Cont_Par_1,0.437143090122051,0.0641475866144154,51.9999992233765,6.81464593125964,9.77439382414564e-09,(Intercept),7.81951505931651e-07,Cont
LH_Cont_Par_2,0.20775133564681,0.0618755352988838,51.9999447566302,3.3575682964727,0.00147677941988839,(Intercept),0.00642889540979644,Cont
LH_Cont_Par_3,0.218092090093539,0.0525632217325554,51.9999975805454,4.14913855933724,0.00012392411340318,(Intercept),0.00104036862307662,Cont
LH_Cont_Par_4,0.456707246839723,0.0584603981617063,51.999997584945,7.81225002225323,2.52341291482389e-10,(Intercept),8.4888590536041e-08,Cont
LH_Cont_Par_5,0.20636559944174,0.0670639948169887,51.9999350606538,3.07714444993759,0.00333073750453656,(Intercept),0.0118954910876306,Cont
LH_Cont_Par_6,0.263816839482284,0.057475302081614,51.9999971961585,4.59009052458163,2.83725352173913e-05,(Intercept),0.000476859222677552,Cont
LH_Cont_Temp_1,0.127798546444937,0.0614029806458174,51.999997130148,2.08130851468108,0.0423465317741281,(Intercept),0.0810981023584503,Cont
LH_Cont_OFC_1,0.061340798747275,0.0588794076916771,51.9999971787828,1.04180393709949,0.302322152445163,(Intercept),0.383901145962112,Cont
LH_Cont_PFCl_1,0.125914992889801,0.0663045017159454,51.9999977058751,1.89904138680105,0.0631133092505528,(Intercept),0.108816050431988,Cont
LH_Cont_PFCl_2,0.454359977841164,0.0602813297294411,51.9999977637016,7.53732507030708,6.89370751162307e-10,(Intercept),8.4888590536041e-08,Cont
LH_Cont_PFCl_3,0.207338998160588,0.0688515639828625,51.9999941671158,3.01139126210983,0.00400797355177922,(Intercept),0.0135863510229804,Cont
LH_Cont_PFCl_4,0.145734605280245,0.0681072059711859,51.9999380454438,2.13978246797998,0.0370850904587795,(Intercept),0.074170180917559,Cont
LH_Cont_PFCl_5,0.303006947400861,0.0711672107580123,51.9999403119328,4.25767631151327,8.66738511733153e-05,(Intercept),0.000912356328140161,Cont
LH_Cont_PFCl_6,0.477299830581107,0.0638059579189707,51.9999971413527,7.48049000670511,8.4888590536041e-10,(Intercept),8.4888590536041e-08,Cont
LH_Cont_PFCl_7,0.420814060126417,0.0559903743186012,51.9999985593964,7.51582866247445,7.45825335163302e-10,(Intercept),8.4888590536041e-08,Cont
LH_Cont_PFCl_8,0.357931683669028,0.0693702264695681,51.9999995111665,5.15973064937374,3.92905440466596e-06,(Intercept),7.85810880933192e-05,Cont
LH_Cont_PFCv_1,0.140894949219483,0.0571091220275786,51.9999972238802,2.46711811033346,0.0169509656903353,(Intercept),0.0420129788338982,Cont
LH_Cont_pCun_1,0.28986303061712,0.0692615769571177,51.999999502367,4.18504809378777,0.000110145251909723,(Intercept),0.00100132047190657,Cont
LH_Cont_pCun_2,0.156392538674923,0.0634996703825473,51.9999418711553,2.462887409222,0.0171306059995964,(Intercept),0.0420129788338982,Cont
LH_Cont_Cing_1,0.132327746256372,0.0547093787932886,51.9999982868464,2.41873969646691,0.0191102115611423,(Intercept),0.0439863858166935,Cont
LH_Cont_Cing_2,0.0854881936563554,0.05415881276569,51.999999949622,1.57847244595644,0.120521721559683,(Intercept),0.179214455850829,Cont
LH_Cont_PFCmp_1,0.319161743192198,0.0695701148671763,51.9999407805722,4.58762708386415,2.86115533606531e-05,(Intercept),0.000476859222677552,Cont
LH_Default_Temp_1,0.00875943860242781,0.0602227737311664,51.9999972272272,0.145450600490934,0.884917463810964,(Intercept),0.926615145351794,Default
LH_Default_Temp_2,-0.0102163548496499,0.0596828931891769,51.9999974844452,-0.171177272141736,0.864748749741889,(Intercept),0.907872703141091,Default
LH_Default_Temp_3,0.0836871497883368,0.0710411048348064,51.9999366097269,1.17801025171183,0.244155620257129,(Intercept),0.318118071996259,Default
LH_Default_Temp_4,0.0562668777505234,0.0560349325373673,51.999985103818,1.00413929673247,0.319961386201921,(Intercept),0.402467152455246,Default
LH_Default_Temp_5,0.145868899830096,0.0608764676922828,51.9997857649532,2.3961459223855,0.0202009644528303,(Intercept),0.0448910321174007,Default
LH_Default_Temp_6,0.00396322790806203,0.055767666343967,51.9999991748848,0.071066769830701,0.943617237029176,(Intercept),0.955561759016887,Default
LH_Default_Temp_7,-0.0286452866082171,0.0657222700233089,51.9999971291067,-0.43585357897799,0.664747046465502,(Intercept),0.740708162376911,Default
LH_Default_Temp_8,0.0788030611175793,0.0608309105183395,51.999997205107,1.29544437928184,0.200888500626296,(Intercept),0.274342100697791,Default
LH_Default_Temp_9,0.155260281750027,0.06463944898882,51.999934839536,2.40194315048819,0.0199158800692622,(Intercept),0.0448910321174007,Default
LH_Default_Temp_10,0.0497455957646142,0.0668121178838769,51.9999970858941,0.744559480228942,0.459889836262133,(Intercept),0.541046866190745,Default
LH_Default_Par_1,0.134788693380912,0.0643110950184028,51.9999972507621,2.09588552865321,0.040977437957905,(Intercept),0.0799559765032292,Default
LH_Default_Par_2,0.141253101272369,0.0529545615873889,51.999999313252,2.66743972640137,0.0101657906996604,(Intercept),0.0284357781808683,Default
LH_Default_Par_3,0.231229190460591,0.0647707611560532,51.9999402106391,3.56996253144975,0.000778545374738983,(Intercept),0.00418592198797417,Default
LH_Default_Par_4,0.254693391124082,0.0693258761069628,51.9999928970865,3.67385751795067,0.000565231849900717,(Intercept),0.00322989628514695,Default
LH_Default_Par_5,0.260883951576163,0.0653475234120602,51.999939656585,3.99225460972889,0.00020635506597206,(Intercept),0.00150076411616044,Default
LH_Default_Par_6,0.28599370543377,0.0643898259772762,51.9999401310934,4.44159773835543,4.69051455206977e-05,(Intercept),0.000646967524423416,Default
LH_Default_Par_7,0.282577778532413,0.0675042595352995,51.9999992352234,4.18607330082106,0.000109774552236937,(Intercept),0.00100132047190657,Default
LH_Default_PFC_1,0.119027624591859,0.0585126423814246,51.9999998042531,2.03422063587484,0.0470445531771848,(Intercept),0.0883465787364973,Default
LH_Default_PFC_2,0.0880535653080163,0.0564140725729523,51.9999979378701,1.56084397548411,0.124626574170321,(Intercept),0.183950662982024,Default
LH_Default_PFC_3,0.0852104652170582,0.0460750867890883,51.9999998291252,1.84938263072872,0.0700900261195071,(Intercept),0.118796654439843,Default
LH_Default_PFC_4,-0.0141353730068312,0.0531730551795808,51.9999972242888,-0.265837141745794,0.791415814851909,(Intercept),0.839698477296456,Default
LH_Default_PFC_5,0.200608489853549,0.0572784852285146,51.999997141118,3.50233580816975,0.000956621516681948,(Intercept),0.00466644642283877,Default
LH_Default_PFC_6,0.112247011127286,0.0564644786742931,51.999997245543,1.9879225623381,0.0520970598325267,(Intercept),0.0964760367269013,Default
LH_Default_PFC_7,0.198496196831704,0.0670550251328323,51.9999487660145,2.96019867919659,0.00462209253387723,(Intercept),0.0150311952321211,Default
LH_Default_PFC_8,0.142077153580522,0.0587524652722219,51.9999996464607,2.41823305494035,0.0191340778302617,(Intercept),0.0439863858166935,Default
LH_Default_PFC_9,0.0354462437398425,0.062166979462294,51.9999961477257,0.570177995560193,0.571012471522097,(Intercept),0.658227632878497,Default
LH_Default_PFC_10,0.189586570397956,0.0663022472068471,51.9999993509705,2.85942902970531,0.00609476830379889,(Intercept),0.0186099795535844,Default
LH_Default_PFC_11,0.148501812363355,0.0686004306718134,51.9999991730829,2.16473586111715,0.0350200736824219,(Intercept),0.07110674859375,Default
LH_Default_PFC_12,0.149253963416618,0.0490867110315543,51.9999996355841,3.04061853564957,0.0036924308896987,(Intercept),0.012889270515791,Default
LH_Default_PFC_13,0.214271951469837,0.0563678203386145,51.9999978059771,3.80131696032695,0.000379357814566709,(Intercept),0.002408621044868,Default
LH_Default_PFC_14,0.238003368997984,0.0663829534080307,51.9999991931097,3.58530852845712,0.000742790685528253,(Intercept),0.00407008594810002,Default
LH_Default_PFC_15,0.120510350228704,0.0700595462503134,51.9999397761714,1.72011319910832,0.0913587789618364,(Intercept),0.145013934860058,Default
LH_Default_PFC_16,0.127815176818537,0.0569981377497815,51.9999975732992,2.24244478617245,0.029222389438761,(Intercept),0.0605645376969139,Default
LH_Default_PFC_17,0.370676967286374,0.0581993222300029,51.999997107607,6.36909422796135,5.00776570549742e-08,(Intercept),2.99118268124716e-06,Default
LH_Default_PFC_18,0.23769137715328,0.0548117445252509,51.9999976290048,4.33650450668979,6.66998898032858e-05,(Intercept),0.000726753111488381,Default
LH_Default_PFC_19,0.10982426349591,0.068912578922091,51.9999379339645,1.59367513469597,0.117069814113099,(Intercept),0.175385489308013,Default
LH_Default_PFC_20,0.31997994405022,0.0712016704808569,51.9999372063896,4.49399490053045,3.93077922722701e-05,(Intercept),0.00058233766329289,Default
LH_Default_PFC_21,0.325610457732339,0.0564867354876321,51.9999970634316,5.76437025297084,4.5240838070721e-07,(Intercept),1.64512138438986e-05,Default
LH_Default_PFC_22,0.309336604431788,0.0694150376822576,51.9999992884238,4.45633417139028,4.46344203577819e-05,(Intercept),0.000637634576539741,Default
LH_Default_PFC_23,0.208879567722952,0.0590122048994543,51.9999683382207,3.53959944521381,0.000854187167956002,(Intercept),0.00432499831876457,Default
LH_Default_PFC_24,0.287458618449444,0.0659540906818969,51.9999971464318,4.35846534274705,6.19852114025405e-05,(Intercept),0.000716535122681259,Default
LH_Default_pCunPCC_1,0.156040253376145,0.0556869172755182,51.9999997126037,2.80209896705389,0.00711597068284371,(Intercept),0.0207765567382298,Default
LH_Default_pCunPCC_2,0.158845797496249,0.0668167078800166,51.9999939980926,2.37733648568095,0.02115128082735,(Intercept),0.0464863314886814,Default
LH_Default_pCunPCC_3,0.119289234570758,0.0601750423817177,51.9999971169431,1.98237059500602,0.0527332369073023,(Intercept),0.0972041233314329,Default
LH_Default_pCunPCC_4,0.143026441296132,0.059133588989958,51.9999978486249,2.41870050066504,0.0191120570327015,(Intercept),0.0439863858166935,Default
LH_Default_pCunPCC_5,0.19851306502964,0.0665305449413869,51.9999368026718,2.98378835171919,0.00432894785007121,(Intercept),0.0143105714051941,Default
LH_Default_pCunPCC_6,0.261105465472713,0.0615607260707624,51.9999438642547,4.24142927054789,9.14603475409294e-05,(Intercept),0.000938054846573635,Default
LH_Default_pCunPCC_7,0.177845414414486,0.0509339924089703,51.9999991510804,3.49168415832183,0.000987989281475529,(Intercept),0.00476139412759291,Default
LH_Default_pCunPCC_8,0.255325694612905,0.0621875467502689,51.9999971636424,4.1057367263294,0.00014281781541365,(Intercept),0.0011425425233092,Default
LH_Default_pCunPCC_9,0.135687893967299,0.0562102563559548,51.9999996925055,2.41393480058242,0.0193376366444418,(Intercept),0.0442003123301528,Default
LH_Default_pCunPCC_10,0.216360187950121,0.0576060706000237,51.999997200672,3.75585742433944,0.000437655280927252,(Intercept),0.00265245624804395,Default
LH_Default_pCunPCC_11,0.164500255760078,0.0659178262167503,51.9999413956149,2.49553520195235,0.0157878202106186,(Intercept),0.0402237457595379,Default
RH_Vis_1,0.0613344688834078,0.0673919403003283,51.9999386208579,0.910115788476697,0.366960932610933,(Intercept),0.450258813019549,Vis
RH_Vis_2,0.113923305962142,0.0583731772026697,51.9999971063725,1.95163791695977,0.0563768831840268,(Intercept),0.10082673951782,Vis
RH_Vis_3,0.11513334903317,0.0632091146629263,51.9999972417612,1.82146751535975,0.0742904159372141,(Intercept),0.123303594916538,Vis
RH_Vis_4,0.0516167145039527,0.0680578568943543,51.9999346063506,0.758424035950426,0.451621076326538,(Intercept),0.534462812220755,Vis
RH_Vis_5,0.170673399456358,0.0652209897734888,51.9999399415784,2.61684773642816,0.011592699800363,(Intercept),0.0307091385440078,Vis
RH_Vis_6,0.18741681621385,0.069027742257538,51.9999383874395,2.71509410686807,0.0089707371005855,(Intercept),0.0258150707930518,Vis
RH_Vis_7,0.0877107384194504,0.0531827282613937,51.9999976688927,1.64923352537221,0.105128839076326,(Intercept),0.16299044818035,Vis
RH_Vis_8,0.113332828346577,0.0616413585791375,51.9999402786741,1.8385842064314,0.0716904755026909,(Intercept),0.120759334698979,Vis
RH_Vis_9,0.129207833384558,0.053393750542548,51.9999997000574,2.41990555208509,0.0190553931678485,(Intercept),0.0439863858166935,Vis
RH_Vis_10,0.00471126812274586,0.0621612731529617,51.999944968738,0.0757910493749497,0.939876181885178,(Intercept),0.954508259402294,Vis
RH_Vis_11,-0.0175618884060498,0.0639444563390918,51.9997604627931,-0.274642860561996,0.784678860603151,(Intercept),0.836990784643361,Vis
RH_Vis_12,0.018831024951148,0.0635101315454192,51.9999385167696,0.296504266215872,0.768026066751785,(Intercept),0.821418253210465,Vis
RH_Vis_13,-0.00377437841449101,0.0638687998209278,51.9999413642641,-0.0590958093008389,0.953102321933941,(Intercept),0.962729618115092,Vis
RH_Vis_14,0.104274645338332,0.0576082517059868,51.9999360403332,1.81006439616524,0.0760661521352577,(Intercept),0.125729177083071,Vis
RH_Vis_15,0.136504791144283,0.0691209078208025,51.9999995756469,1.97486976730941,0.0536033280150369,(Intercept),0.09835473030282,Vis
RH_Vis_16,0.129766102549909,0.0551807019294878,51.9999974673836,2.35165733693873,0.0225133603415987,(Intercept),0.0489420876991276,Vis
RH_Vis_17,0.0249177869825348,0.0537795528994549,51.9999979117601,0.463331984725134,0.645059902555889,(Intercept),0.728881245825863,Vis
RH_Vis_18,0.147387396031056,0.058663523795356,51.9999971788169,2.51241975414242,0.0151313999496088,(Intercept),0.0387984614092535,Vis
RH_Vis_19,0.159162492865576,0.0603234452160718,51.9999991743533,2.63848479302656,0.0109614186407529,(Intercept),0.0298159179580239,Vis
RH_Vis_20,0.136705365464494,0.0565102616994601,51.9999971863387,2.41912462185254,0.0190920968599103,(Intercept),0.0439863858166935,Vis
RH_Vis_21,0.136547708576091,0.0701242849670259,51.9356030100424,1.94722425533892,0.0569242299103225,(Intercept),0.10082673951782,Vis
RH_Vis_22,0.237277653144193,0.0724751505075217,51.9999364700126,3.27391735626086,0.00188970478569649,(Intercept),0.00779259705441852,Vis
RH_Vis_23,-0.0265406056368239,0.06068476723738,51.9999971869014,-0.437352021686189,0.663667154217195,(Intercept),0.740708162376911,Vis
RH_Vis_24,0.132000805045872,0.0542415235101792,51.9999719560624,2.43357480586068,0.0184231417667196,(Intercept),0.0439863858166935,Vis
RH_Vis_25,0.107590132029601,0.06588981381417,51.9999402294423,1.632879587929,0.108535796857238,(Intercept),0.165978329213698,Vis
RH_Vis_26,0.0762395413358754,0.0609514715828312,51.9999971157785,1.25082363651004,0.216597698012924,(Intercept),0.287837472442424,Vis
RH_Vis_27,0.149295386575254,0.0494801438923038,51.999999755982,3.01727874721229,0.00394245257635628,(Intercept),0.0134784703465172,Vis
RH_Vis_28,0.120292974983513,0.0658324071470477,51.999945991854,1.82726077013739,0.073401712311314,(Intercept),0.122848054077513,Vis
RH_Vis_29,0.0840881757153476,0.066032816268133,51.9999371579508,1.27343009836047,0.208528641414244,(Intercept),0.279904216663415,Vis
RH_Vis_30,0.153862256763353,0.0641682109661557,51.9999993443381,2.39779564439634,0.020119454774618,(Intercept),0.0448910321174007,Vis
RH_SomMot_1,0.0514193051011395,0.0647595162053829,51.9999971999283,0.794003848609132,0.430801826741374,(Intercept),0.512859317549255,SomMot
RH_SomMot_2,0.209352602944782,0.057376194566965,51.9999997469961,3.64877114149566,0.000610913701262581,(Intercept),0.00344176733105679,SomMot
RH_SomMot_3,0.0405671750550069,0.0653876549672749,51.9999996561725,0.620410306430318,0.537697380422034,(Intercept),0.625229512118644,SomMot
RH_SomMot_4,0.0486735706240854,0.0517103548471851,51.9999978377076,0.941273189246641,0.350917278370476,(Intercept),0.433231207864785,SomMot
RH_SomMot_5,0.0224102009175724,0.0617210663810872,51.9999972483425,0.363088362394843,0.718010715399677,(Intercept),0.780446429782258,SomMot
RH_SomMot_6,0.00874154323786088,0.0701185376284325,51.9999432379914,0.124668076852707,0.901267031339216,(Intercept),0.936381331261522,SomMot
RH_SomMot_7,0.136501920989072,0.055473415369382,51.9999972065681,2.46067273990873,0.0172253213218983,(Intercept),0.0420129788338982,SomMot
RH_SomMot_8,0.202438105084729,0.0620975167540637,51.9999423199226,3.26000322825279,0.00196818911211669,(Intercept),0.00795227924087551,SomMot
RH_SomMot_9,-0.0475878790853421,0.0512006036334496,51.9999967724828,-0.929439805554415,0.356955903112799,(Intercept),0.439330342292675,SomMot
RH_SomMot_10,0.0767444143829408,0.0561402731800583,51.9999976559759,1.36701177311338,0.177502539896732,(Intercept),0.251123235482667,SomMot
RH_SomMot_11,-0.020110905251993,0.0553880773340915,51.9999978634274,-0.363090871175893,0.71800885254903,(Intercept),0.780446429782258,SomMot
RH_SomMot_12,0.0805136968123395,0.0691185072467161,51.9999449128341,1.16486452065506,0.249389965753478,(Intercept),0.323114579136379,SomMot
RH_SomMot_13,0.0744039097824706,0.0608826913223616,51.9999838628498,1.22208641185911,0.227185862929427,(Intercept),0.298785549076715,SomMot
RH_SomMot_14,0.0179208788903316,0.0549750179270356,51.9999971888031,0.325982229130269,0.745746065057743,(Intercept),0.805802851617041,SomMot
RH_SomMot_15,0.0910163873769341,0.0530434567683051,51.9999972282038,1.71588340809867,0.0921364479275592,(Intercept),0.145626301743887,SomMot
RH_SomMot_16,0.0739563114073674,0.0587621183717907,51.9999977175,1.25857122677985,0.213806644588089,(Intercept),0.285075526117452,SomMot
RH_SomMot_17,0.0912705781562821,0.0641980201016909,51.9999969766805,1.42170394058427,0.161082472845367,(Intercept),0.230942613398375,SomMot
RH_SomMot_18,0.112698158640846,0.0492712019963463,51.9999985593149,2.28730280720985,0.0262774125605007,(Intercept),0.0556135715566152,SomMot
RH_SomMot_19,0.0201258933986178,0.0648564089527846,51.9999992490161,0.310314643126008,0.757562054083634,(Intercept),0.81458285385337,SomMot
RH_SomMot_20,0.0804339894127139,0.0623047922748064,51.9999971172299,1.29097596631003,0.202422037028628,(Intercept),0.274342100697791,SomMot
RH_SomMot_21,0.0977018132925954,0.0726152891374038,51.9999122580347,1.34547165553142,0.184310907282742,(Intercept),0.257777492703135,SomMot
RH_SomMot_22,0.2253741003263,0.0578588693137086,51.9999971754779,3.89523858657401,0.000281644440622349,(Intercept),0.00194237545256792,SomMot
RH_SomMot_23,0.0879574367257699,0.0649256509881106,51.9999374577691,1.35474092884917,0.181357084523585,(Intercept),0.255432513413501,SomMot
RH_SomMot_24,0.177938462945176,0.0585449729129283,51.9999971733349,3.03934657566273,0.00370566527328992,(Intercept),0.012889270515791,SomMot
RH_SomMot_25,0.110035701131599,0.0583559595427222,51.9999970992988,1.88559492456024,0.0649415598382773,(Intercept),0.111487656374725,SomMot
RH_SomMot_26,0.120787824533792,0.0780634291529592,51.9999995368176,1.54730359458227,0.127855081898478,(Intercept),0.187333453331103,SomMot
RH_SomMot_27,0.147658614350134,0.0613015690481868,51.9999479029869,2.40872487674933,0.0195869834736737,(Intercept),0.0445158715310767,SomMot
RH_SomMot_28,0.160366086506746,0.0584966306147318,51.9999974401232,2.74145852199492,0.00836642291581559,(Intercept),0.0242505012052626,SomMot
RH_SomMot_29,0.0165329583273604,0.0646721586283352,51.9999977891565,0.255642593010908,0.799235361526192,(Intercept),0.845751705318722,SomMot
RH_SomMot_30,0.0642857263870656,0.073226406719768,51.9999420720687,0.877903604270552,0.384034396972864,(Intercept),0.468334630454712,SomMot
RH_SomMot_31,-0.0450274743828178,0.0614712978452388,51.9999971382114,-0.732495912095101,0.467154922881617,(Intercept),0.547982314230636,SomMot
RH_SomMot_32,0.175431284466453,0.0741819761820825,51.9999383910904,2.36487747422434,0.0218026364399952,(Intercept),0.0476560359344158,SomMot
RH_SomMot_33,0.167067816404735,0.0687813067985932,51.9999414478546,2.42897124496263,0.0186339341653136,(Intercept),0.0439863858166935,SomMot
RH_SomMot_34,0.116312938753506,0.0584023145765154,51.9999972035245,1.99158097751622,0.0516814767171486,(Intercept),0.0961515845900439,SomMot
RH_SomMot_35,0.0665096305350552,0.075374665755885,51.9999699052542,0.882387070882133,0.38162847386694,(Intercept),0.466823821243964,SomMot
RH_SomMot_36,0.119008349440158,0.050889699475222,51.9999975277969,2.33855476977424,0.0232381419162643,(Intercept),0.0502446311703012,SomMot
RH_SomMot_37,0.143298957534679,0.0656930211132664,51.9999940311338,2.1813421746521,0.0337024392971462,(Intercept),0.0691332088146588,SomMot
RH_SomMot_38,0.0998302226532867,0.0575892365702133,51.9999977745118,1.73348751604951,0.088935467194684,(Intercept),0.142296747511494,SomMot
RH_SomMot_39,0.192999613782464,0.0660985830197146,51.99999958864,2.91987520708121,0.00516638237687505,(Intercept),0.0164012138948414,SomMot
RH_SomMot_40,0.140836054927057,0.0654952658752062,51.9999402618046,2.15032419588012,0.0362000381536216,(Intercept),0.0731313902093366,SomMot
RH_DorsAttn_Post_1,0.167532317345847,0.0619094202904947,51.9999970837587,2.70608764481629,0.00918619918164401,(Intercept),0.0259813964846634,DorsAttn
RH_DorsAttn_Post_2,0.0406644727807538,0.0542980951047039,51.9999978354954,0.748911590772012,0.457284905726801,(Intercept),0.539569210297111,DorsAttn
RH_DorsAttn_Post_3,0.0916303300583996,0.0550760750980152,51.9999985440474,1.66370479187798,0.102187405886488,(Intercept),0.15904654612683,DorsAttn
RH_DorsAttn_Post_4,0.134473759526363,0.0784531889252359,51.9999980610246,1.7140636520781,0.0924727016073679,(Intercept),0.145626301743887,DorsAttn
RH_DorsAttn_Post_5,0.105052967894665,0.0532912262565816,51.9999976368372,1.971299504141,0.0540217912288069,(Intercept),0.0986699383174555,DorsAttn
RH_DorsAttn_Post_6,0.231910370746813,0.0595330487129427,51.9999971246066,3.89548957697499,0.000281419126091356,(Intercept),0.00194237545256792,DorsAttn
RH_DorsAttn_Post_7,0.209740917232355,0.0561553515422308,51.9999971436892,3.73501209541219,0.000467179077162028,(Intercept),0.00278912881887778,DorsAttn
RH_DorsAttn_Post_8,0.0911495497998459,0.0541097909592524,51.9999974506096,1.6845296975641,0.0980731394857574,(Intercept),0.153239280446496,DorsAttn
RH_DorsAttn_Post_9,0.164881253485152,0.0562087956461858,51.9999996967138,2.93337104255036,0.00497790414558984,(Intercept),0.0159292932658875,DorsAttn
RH_DorsAttn_Post_10,0.18521073423372,0.0588554319986411,51.999997077094,3.14687579284094,0.00273058475898278,(Intercept),0.0104022276532677,DorsAttn
RH_DorsAttn_Post_11,0.0179685418425965,0.0554913338133324,51.9999976051707,0.323808072500851,0.747382144874805,(Intercept),0.805802851617041,DorsAttn
RH_DorsAttn_Post_12,0.225522732886888,0.0676347725703195,51.9999991970881,3.33441991916825,0.00158156793670053,(Intercept),0.00665923341768644,DorsAttn
RH_DorsAttn_Post_13,0.120665315205701,0.0686425911596578,51.9999393511194,1.757878208954,0.0846533534770934,(Intercept),0.136299324257957,DorsAttn
RH_DorsAttn_Post_14,0.226888355845086,0.0636146691668223,51.9999992005224,3.56660435111432,0.000786585171192615,(Intercept),0.00418592198797417,DorsAttn
RH_DorsAttn_Post_15,0.172726710759437,0.0571828861180554,51.9999971772224,3.020601485606,0.00390591761693224,(Intercept),0.0134686814376974,DorsAttn
RH_DorsAttn_Post_16,0.163977927295508,0.0689147470000273,51.9999345240623,2.37943160838191,0.0210434825821386,(Intercept),0.0464863314886814,DorsAttn
RH_DorsAttn_Post_17,0.0427264231446933,0.0668460094587551,51.9999393072802,0.639176870700951,0.525513640211278,(Intercept),0.61284389529012,DorsAttn
RH_DorsAttn_Post_18,0.127811406460486,0.0608084672849754,51.9999996397956,2.10186857467571,0.0404267688031961,(Intercept),0.0796586577402878,DorsAttn
RH_DorsAttn_Post_19,0.145925376504915,0.0608421635851582,51.999997206266,2.39842516942498,0.0200884350465173,(Intercept),0.0448910321174007,DorsAttn
RH_DorsAttn_FEF_1,0.131029500830418,0.0686303750321417,51.9999403099165,1.90920566540766,0.0617605441526038,(Intercept),0.106944665199314,DorsAttn
RH_DorsAttn_FEF_2,0.162263307446177,0.0615563207768945,51.9999971472642,2.63601374153414,0.0110318896444688,(Intercept),0.0298159179580239,DorsAttn
RH_DorsAttn_FEF_3,0.0997120868551222,0.0561231952794231,51.9999996950844,1.77666446749301,0.0814733844906954,(Intercept),0.131940703628656,DorsAttn
RH_DorsAttn_PrCv_1,0.253873158599864,0.0600124293546535,51.9999992890173,4.2303429694465,9.48727211152322e-05,(Intercept),0.000946677656363087,DorsAttn
RH_SalVentAttn_TempOccPar_1,0.149547883616642,0.0570035746816568,51.9999972078246,2.62348255266112,0.0113956780095543,(Intercept),0.0303884746921449,SalVentAttn
RH_SalVentAttn_TempOccPar_2,0.0844888968877973,0.0584596828803253,51.9999971006615,1.44525068773906,0.154387292268211,(Intercept),0.222941938293445,SalVentAttn
RH_SalVentAttn_TempOccPar_3,0.218111813840305,0.0612159325146871,51.9999970755584,3.56299095481352,0.000795325177715092,(Intercept),0.00418592198797417,SalVentAttn
RH_SalVentAttn_TempOccPar_4,0.224399591358343,0.0545076368219073,51.9999992393075,4.11684682077712,0.000137731341098525,(Intercept),0.00112433747835531,SalVentAttn
RH_SalVentAttn_TempOccPar_5,0.157428432608751,0.0643877485138571,51.9999407445502,2.44500601810717,0.0179089822419168,(Intercept),0.043154174076908,SalVentAttn
RH_SalVentAttn_TempOccPar_6,0.0685726991865108,0.0640522810319966,51.9999443021832,1.07057388248603,0.289305159131587,(Intercept),0.368541603989283,SalVentAttn
RH_SalVentAttn_TempOccPar_7,0.214168649781562,0.0685504307066032,51.9999428520511,3.12424951344518,0.0029131896151551,(Intercept),0.0108904284678695,SalVentAttn
RH_SalVentAttn_PrC_1,0.233620502727279,0.0657060798351398,51.9999402860685,3.55553859419777,0.000813645025742694,(Intercept),0.00422672740645555,SalVentAttn
RH_SalVentAttn_FrOperIns_1,-0.00602330061833159,0.0592730291169123,51.9999970802758,-0.101619584962513,0.919449470772306,(Intercept),0.942638788047796,SalVentAttn
RH_SalVentAttn_FrOperIns_2,0.179092020133904,0.0524120423072537,51.9999850456952,3.41700136552622,0.00123705544894046,(Intercept),0.00568761125949636,SalVentAttn
RH_SalVentAttn_FrOperIns_3,0.0630855712790308,0.0625397235693863,51.9999972092373,1.00872801602711,0.317776044898121,(Intercept),0.402248158098887,SalVentAttn
RH_SalVentAttn_FrOperIns_4,0.103709426436049,0.0530534072016578,51.999999802128,1.95481180015161,0.0559908586169914,(Intercept),0.10082673951782,SalVentAttn
RH_SalVentAttn_FrOperIns_5,0.261366786673825,0.0629484249206485,51.9999977679011,4.15207826094614,0.000122736012616204,(Intercept),0.00104036862307662,SalVentAttn
RH_SalVentAttn_FrOperIns_6,0.161501539505822,0.0540716922247911,51.999998570859,2.98680386836082,0.00429274835386186,(Intercept),0.0143091611795395,SalVentAttn
RH_SalVentAttn_FrOperIns_7,0.114663314075301,0.0549384629581083,51.9999996889927,2.08712271697033,0.0417957508542549,(Intercept),0.0810429748239518,SalVentAttn
RH_SalVentAttn_FrOperIns_8,0.117748782980097,0.0688692486044556,51.9999992375615,1.7097439766822,0.0932749509221483,(Intercept),0.146313648505331,SalVentAttn
RH_SalVentAttn_PFCl_1,0.264740361724187,0.0638408210376591,51.9997586037292,4.14688215817304,0.000124844234769194,(Intercept),0.00104036862307662,SalVentAttn
RH_SalVentAttn_Med_1,0.289054991076622,0.0519534104722752,51.9999985959437,5.5637346701402,9.32056552928607e-07,(Intercept),3.10685517642869e-05,SalVentAttn
RH_SalVentAttn_Med_2,0.147149825631535,0.0564867001299072,51.999997217118,2.60503490721041,0.0119511875246216,(Intercept),0.0312449347048932,SalVentAttn
RH_SalVentAttn_Med_3,0.118523481792682,0.0592197222355625,51.9999996936302,2.00141907659111,0.0505780353199051,(Intercept),0.0945383837755236,SalVentAttn
RH_SalVentAttn_Med_4,0.25780645439155,0.0587553363860234,51.999997223821,4.38779641559292,5.61915129192482e-05,(Intercept),0.000702626069529498,SalVentAttn
RH_SalVentAttn_Med_5,0.0760392821583462,0.0532287442717682,51.9999996916172,1.42853796757096,0.159116464819622,(Intercept),0.228944553697298,SalVentAttn
RH_SalVentAttn_Med_6,0.0872561995528871,0.0705497836867246,51.9999991765864,1.23680321884965,0.221716956799886,(Intercept),0.293664843443558,SalVentAttn
RH_SalVentAttn_Med_7,0.169682337814381,0.0565138069442542,51.9999976425756,3.00249349653187,0.0041089277413267,(Intercept),0.0138115218195856,SalVentAttn
RH_SalVentAttn_Med_8,0.20050873400114,0.0596628987603016,51.9999719601012,3.3606938007939,0.00146314519439099,(Intercept),0.00642889540979644,SalVentAttn
RH_Limbic_OFC_1,0.0319933831426875,0.0448803699698418,51.9999997668826,0.712859166806916,0.479119746329314,(Intercept),0.560373972314987,Limbic
RH_Limbic_OFC_2,0.0194806528180358,0.0512615665989243,51.9999997056262,0.38002453125271,0.705475009212884,(Intercept),0.773123297767544,Limbic
RH_Limbic_OFC_3,-0.0143890830458688,0.0478700553939966,51.9999972325935,-0.300586304474453,0.764928506755354,(Intercept),0.820298666761773,Limbic
RH_Limbic_OFC_4,0.144756550945526,0.0535232908001327,51.9999850556766,2.70455251875445,0.0092233957520555,(Intercept),0.0259813964846634,Limbic
RH_Limbic_OFC_5,-0.0245977102127584,0.0652177489110504,51.9999971291576,-0.377162821831016,0.707587517145521,(Intercept),0.773319690869422,Limbic
RH_Limbic_OFC_6,-0.00714067057770965,0.0620899064481972,51.9999970715625,-0.1150053363934,0.90888383708736,(Intercept),0.941848535841823,Limbic
RH_Limbic_TempPole_1,0.137715247631339,0.065256857863253,51.9999993019987,2.1103567064158,0.0396566174312501,(Intercept),0.0788373004214613,Limbic
RH_Limbic_TempPole_2,-0.00507860163593524,0.0484111447366538,51.9981440731185,-0.104905629965202,0.916854315297878,(Intercept),0.942638788047796,Limbic
RH_Limbic_TempPole_3,0.0250512181507725,0.0574832730799738,51.9999974345952,0.435800134691703,0.664785575733278,(Intercept),0.740708162376911,Limbic
RH_Limbic_TempPole_4,-0.0758021628966396,0.0587383675286698,51.9999971003408,-1.29050510059955,0.202584145619963,(Intercept),0.274342100697791,Limbic
RH_Limbic_TempPole_5,0.0843280340794701,0.0631779371482284,51.9999972012678,1.33477029934705,0.187766493909457,(Intercept),0.260786797096468,Limbic
RH_Limbic_TempPole_6,0.0286025132154711,0.0551817992418756,51.9999977680031,0.518332377857039,0.606425039331791,(Intercept),0.693057187807761,Limbic
RH_Limbic_TempPole_7,0.0536630513067364,0.0553211035258097,51.9999997176554,0.970028576557593,0.336522742294807,(Intercept),0.420653427868509,Limbic
RH_Cont_Par_1,0.194076357897069,0.0692569115801971,51.9999536583261,2.80226700077919,0.00711276112371463,(Intercept),0.0207765567382298,Cont
RH_Cont_Par_2,0.119142670500341,0.0578074618741885,51.9999992004698,2.06102580251044,0.0443176633451723,(Intercept),0.0840145276685731,Cont
RH_Cont_Par_3,0.308656822921273,0.061821153828876,51.9999971294123,4.99273798375957,7.06447566266184e-06,(Intercept),0.000134561441193559,Cont
RH_Cont_Par_4,0.227406373797383,0.0655347742925151,51.999940139467,3.47001078820158,0.00105486589386454,(Intercept),0.00502317092316447,Cont
RH_Cont_Par_5,0.297367586939427,0.0652343954109342,51.9999398518235,4.55844781064046,3.15962602220621e-05,(Intercept),0.000502962418177678,Cont
RH_Cont_Par_6,0.180153762013602,0.056881890170998,51.9999996644261,3.16715498504049,0.00257611756370419,(Intercept),0.00990814447578533,Cont
RH_Cont_Temp_1,0.120155142538607,0.0583819540481697,51.99999718061,2.05808703215842,0.0446097715388116,(Intercept),0.0841693802619087,Cont
RH_Cont_Temp_2,0.16895530337895,0.0683430082596435,51.9999397265496,2.47216661486524,0.0167388357464885,(Intercept),0.0420129788338982,Cont
RH_Cont_PFCv_1,0.248880845389873,0.0637316047137365,51.9999992703651,3.90514010290142,0.000272886380077146,(Intercept),0.00194237545256792,Cont
RH_Cont_PFCl_1,-0.0266232432222495,0.0564817556899392,51.9999996944309,-0.471360050640064,0.639355320957466,(Intercept),0.724481950093446,Cont
RH_Cont_PFCl_2,0.0966707811931907,0.0645388454447242,51.9999970966972,1.49786970199191,0.140213322099496,(Intercept),0.203207713187675,Cont
RH_Cont_PFCl_3,0.130511688475169,0.0671715140033457,51.9999992148951,1.94296184047108,0.0574437649782277,(Intercept),0.101222493353705,Cont
RH_Cont_PFCl_4,0.272393126831367,0.0652088996776473,51.9999971545818,4.17723850851512,0.000113009238554075,(Intercept),0.00100452656492512,Cont
RH_Cont_PFCl_5,0.145426883674487,0.0697291599337138,51.9999384263976,2.0855963819546,0.041939739471395,(Intercept),0.0810429748239518,Cont
RH_Cont_PFCl_6,0.182004279869421,0.0617869211584365,51.9999435999942,2.94567647095926,0.00481164765481545,(Intercept),0.0155214440477918,Cont
RH_Cont_PFCl_7,0.311480444409378,0.058253281687944,51.9999981565859,5.34700252730725,2.02301468511237e-06,(Intercept),5.39470582696633e-05,Cont
RH_Cont_PFCl_8,0.183825051225099,0.0600361044284833,51.9999991999867,3.06190837954979,0.00347737746155425,(Intercept),0.0123093007488646,Cont
RH_Cont_PFCl_9,0.346707352720253,0.0567992256830975,51.999997595542,6.10408590171024,1.31820423762803e-07,(Intercept),6.59102118814017e-06,Cont
RH_Cont_PFCl_10,0.227121778294189,0.0640739333495256,51.9999939710094,3.54468293768125,0.000841051797206512,(Intercept),0.00431308613952057,Cont
RH_Cont_PFCl_11,0.231189933556032,0.0722983196578774,51.999938158853,3.197722086074,0.00235874351830653,(Intercept),0.00924997458159422,Cont
RH_Cont_PFCl_12,0.209488579986476,0.0741027866999218,51.9999940189647,2.82700002679787,0.00665439439798018,(Intercept),0.0200132162345269,Cont
RH_Cont_PFCl_13,0.324243859328952,0.0739255929943992,51.9999396074554,4.38608398249194,5.65148333175862e-05,(Intercept),0.000702626069529498,Cont
RH_Cont_PFCl_14,0.190289602067394,0.0665262723658917,51.9999992185281,2.86036772090294,0.00607923841527981,(Intercept),0.0186099795535844,Cont
RH_Cont_PFCl_15,0.230614766725689,0.0622012339636618,51.9999979111921,3.7075593526073,0.000508988060572918,(Intercept),0.00295065542361112,Cont
RH_Cont_pCun_1,0.108723327266621,0.0679171805094256,51.9999460625014,1.60082215502942,0.115474843550159,(Intercept),0.173646381278435,Cont
RH_Cont_pCun_2,0.0755789214962968,0.0663490082566636,51.9999376186325,1.13911154789124,0.259877094518479,(Intercept),0.335325283249651,Cont
RH_Cont_Cing_1,0.0884293498694921,0.0625895745648195,51.9999992769688,1.41284471869851,0.163659127918501,(Intercept),0.233633699576571,Cont
RH_Cont_Cing_2,0.00809995836712394,0.0626736246605563,51.9999972215869,0.129240305008586,0.897666113461375,(Intercept),0.935068868188932,Cont
RH_Cont_PFCmp_1,0.172008405111099,0.0512277849929896,51.9999978142387,3.35771701108368,0.0014761271535523,(Intercept),0.00642889540979644,Cont
RH_Cont_PFCmp_2,0.220165216976428,0.0592907629609403,51.9997654886306,3.71331394607738,0.0004999389499822,(Intercept),0.00294081735283647,Cont
RH_Default_Par_1,0.169189899544635,0.072626029359496,51.9999936472023,2.32960415207544,0.0237451666807363,(Intercept),0.0507918003866018,Default
RH_Default_Par_2,0.159717373239286,0.0554808672913862,51.999999332185,2.87878292169529,0.00578189456520834,(Intercept),0.0180684205162761,Default
RH_Default_Par_3,0.214143017482099,0.0719683843038154,51.9999994963864,2.9755151453462,0.00442972276160509,(Intercept),0.0145236811855904,Default
RH_Default_Par_4,0.181639580093906,0.0738039907648614,51.9999992192492,2.46110783727953,0.0172066753165458,(Intercept),0.0420129788338982,Default
RH_Default_Par_5,0.164331180796284,0.0678356727899073,51.9999922566269,2.42248914233122,0.0189344175564253,(Intercept),0.0439863858166935,Default
RH_Default_Temp_1,0.0736907815465739,0.0557679337356664,51.9999041928275,1.32138267657288,0.192158539003463,(Intercept),0.265046260694431,Default
RH_Default_Temp_2,-0.0197277680043573,0.0555887211004864,51.9999971719102,-0.354887963130073,0.724108877755509,(Intercept),0.784941872905701,Default
RH_Default_Temp_3,0.103052357769466,0.0629564597362035,51.9999971583619,1.63688298549935,0.107693576358143,(Intercept),0.165682425166373,Default
RH_Default_Temp_4,0.0966896746642422,0.0522085878920044,51.9997722934244,1.85198793087928,0.0697084669039213,(Intercept),0.118652709623696,Default
RH_Default_Temp_5,0.16224640837771,0.0486447466435733,51.9999998452615,3.3353325810598,0.00157730634801407,(Intercept),0.00665923341768644,Default
RH_Default_Temp_6,0.130189146734351,0.0511077059856361,51.9998872527315,2.54734866736027,0.0138513643724584,(Intercept),0.0359775697985932,Default
RH_Default_Temp_7,0.107838452408471,0.0605681697009878,51.999997112853,1.78044760046154,0.0808452256541482,(Intercept),0.131934404035065,Default
RH_Default_Temp_8,0.128508152365602,0.0576615732262713,51.9999997147226,2.22866191772673,0.0301841646051034,(Intercept),0.0622353909383576,Default
RH_Default_PFCv_1,0.0241409139620752,0.0584744255264561,51.9999998055146,0.412845679880222,0.681417058960362,(Intercept),0.752947026475538,Default
RH_Default_PFCv_2,0.0900904966367638,0.0668064988880592,51.9998375248919,1.34852893260758,0.183332635202725,(Intercept),0.257308961688035,Default
RH_Default_PFCv_3,0.188341280829401,0.0604105722154048,51.9999972274356,3.11768741666337,0.00296825512748266,(Intercept),0.010993537509195,Default
RH_Default_PFCv_4,0.193192764123549,0.0672582633300494,51.9999391255214,2.8724019110561,0.00588336689469148,(Intercept),0.0182429981230744,Default
RH_Default_PFCdPFCm_1,-0.0689187528036019,0.0518390290688071,51.9999985393598,-1.32947615033693,0.189494129280172,(Intercept),0.262275611460446,Default
RH_Default_PFCdPFCm_2,0.0497283853736985,0.0618623201517524,51.9999972223655,0.803855808377563,0.425139875033015,(Intercept),0.507629701531959,Default
RH_Default_PFCdPFCm_3,0.02746653497204,0.0647261640479776,51.9999977051393,0.424349803144223,0.673061263002656,(Intercept),0.747214760772877,Default
RH_Default_PFCdPFCm_4,0.202760894825903,0.0638643554849648,51.9999996805115,3.17486794137675,0.00251955538295275,(Intercept),0.00978468109884564,Default
RH_Default_PFCdPFCm_5,0.120945062367182,0.0626332255195848,51.9999972379869,1.93100485187952,0.0589423697585031,(Intercept),0.102508469145223,Default
RH_Default_PFCdPFCm_6,0.00281357991399007,0.0581830344492277,51.9995617609286,0.0483573938799168,0.961616672759466,(Intercept),0.968883297490646,Default
RH_Default_PFCdPFCm_7,0.124360620575303,0.0571611392551691,51.999997559481,2.17561480047053,0.0341518680118835,(Intercept),0.0696976898201704,Default
RH_Default_PFCdPFCm_8,0.1213310716593,0.0665393912567111,51.9999971878017,1.82344727488115,0.0739857002329341,(Intercept),0.123303594916538,Default
RH_Default_PFCdPFCm_9,0.22197783258669,0.0834700733710996,51.9999995466505,2.65937028232621,0.0103820346159823,(Intercept),0.0288389850443953,Default
RH_Default_PFCdPFCm_10,0.31578591152646,0.0725103009378872,51.9999380593206,4.35504897155184,6.26968232346102e-05,(Intercept),0.000716535122681259,Default
RH_Default_PFCdPFCm_11,0.331791084223825,0.0625377568938648,51.9999996904618,5.30545226920946,2.34518826126772e-06,(Intercept),5.86297065316929e-05,Default
RH_Default_PFCdPFCm_12,0.206361468108242,0.0664597032356151,51.9999996193782,3.1050615344556,0.00307696627734842,(Intercept),0.0112916193664162,Default
RH_Default_PFCdPFCm_13,0.257489881694137,0.0664289252916518,51.9999485609004,3.87617111918708,0.000299279416110312,(Intercept),0.00196856534433213,Default
RH_Default_pCunPCC_1,0.069290863271073,0.056777813822381,51.9999993301907,1.22038624959807,0.227823981170995,(Intercept),0.298785549076715,Default
RH_Default_pCunPCC_2,0.0327707690968987,0.0570620477342232,51.9999972114109,0.574300614824313,0.568240565439262,(Intercept),0.656925509178337,Default
RH_Default_pCunPCC_3,0.0535982179186514,0.0619690509833417,51.999997096845,0.864919134118409,0.39105585676325,(Intercept),0.475447850168085,Default
RH_Default_pCunPCC_4,0.143653687288583,0.0586990033814112,51.9999971599018,2.44729346348793,0.0178076583907947,(Intercept),0.043154174076908,Default
RH_Default_pCunPCC_5,0.0982924211770255,0.0534922711755779,51.9999974424956,1.83750697094913,0.0718518041458925,(Intercept),0.120759334698979,Default
RH_Default_pCunPCC_6,0.209521634736306,0.0548067431416836,51.9999996533116,3.82291708512329,0.000354347441578449,(Intercept),0.00228611252631257,Default
RH_Default_pCunPCC_7,0.191669774891563,0.0665158131877618,51.9999354891924,2.88156703956268,0.0057381349666286,(Intercept),0.0180684205162761,Default
RH_Default_pCunPCC_8,0.0448615966609766,0.0523368487182871,51.9999996934313,0.85717038300209,0.39528404078326,(Intercept),0.477684641429922,Default
RH_Default_pCunPCC_9,0.0838218911676412,0.0650154874475875,51.9999431680962,1.28926036638908,0.203013154516365,(Intercept),0.274342100697791,Default
