parcel,estimate,se,df,statistic,p.value,term,p.fdr,hemi,num.roi
LH_Vis_1,-0.0224390555555554,0.0209460405489512,809.000002019085,-1.0712791041875,0.284363436374099,hiloBX,0.37560145079092,L,1
LH_Vis_2,-0.0627122569444445,0.0160675735002436,809.000000122568,-3.90303221226862,0.0001029020897085,hiloBX,0.000407533028548516,L,2
LH_Vis_3,-0.0102407129629629,0.0251513417614156,809.000024007056,-0.407163683755157,0.68399547904808,hiloBX,0.743473346791391,L,3
LH_Vis_4,-0.0467501064814816,0.0186167901935363,809.000001358899,-2.51117974664145,0.0122267038621541,hiloBX,0.0279467516849237,L,4
LH_Vis_5,-0.0589898194444443,0.0244128160240711,809.000000219012,-2.4163463725889,0.0158975673567886,hiloBX,0.0347487811077347,L,5
LH_Vis_6,0.00693786805555517,0.0326318676638575,809.0000037188,0.212610204448684,0.831684570260876,hiloBX,0.859622294843283,L,6
LH_Vis_7,-0.0711956342592591,0.019612360501449,809.000000345816,-3.63014101510112,0.000301077136754496,hiloBX,0.000995296319849572,L,7
LH_Vis_8,-0.0117900069444444,0.0255511820604553,809.000001483292,-0.461427064961172,0.644616274304242,hiloBX,0.713610379400339,L,8
LH_Vis_9,-0.00634302083333281,0.0273139106217589,809.000000209337,-0.232226755120148,0.816420630125588,hiloBX,0.852781871510714,L,9
LH_Vis_10,-0.0418744444444445,0.0237573833487966,809.00019157243,-1.76258655381615,0.0783478037971893,hiloBX,0.129500502144114,L,10
LH_Vis_11,-0.0382352152777778,0.0263009111299632,809.000001222429,-1.45376010317067,0.146400639221036,hiloBX,0.217696117800797,L,11
LH_Vis_12,0.0633001064814815,0.0351160386801848,809.000178231855,1.80259815345289,0.071823409128612,hiloBX,0.122252611282744,L,12
LH_Vis_13,-0.00229173148148176,0.0320836917430168,809.000002726913,-0.0714297936733098,0.94307335235025,hiloBX,0.952599345808333,L,13
LH_Vis_14,0.00105005092592601,0.0255164865949799,809.000000421209,0.0411518616411949,0.967184983599845,hiloBX,0.971969706941561,L,14
LH_Vis_15,0.0311465300925926,0.0266814155737407,809.000001139312,1.1673492362694,0.243413308490818,hiloBX,0.331174569375263,L,15
LH_Vis_16,0.045292851851852,0.0370476150219372,809.000001309786,1.22255783064666,0.221852795588104,hiloBX,0.308128882761255,L,16
LH_Vis_17,-0.0555617800925926,0.0219916357691037,809.000020531327,-2.5264960131184,0.0117103364938696,hiloBX,0.0269203137790106,L,17
LH_Vis_18,0.0290300625,0.0272012730626471,809.000025366843,1.06723175908499,0.28618556375113,hiloBX,0.376559952304118,L,18
LH_Vis_19,-0.00639330324074076,0.0243752360139041,809.000183602114,-0.262286824098601,0.793167091150538,hiloBX,0.837115663483418,L,19
LH_Vis_20,-0.0958223171296292,0.025815926465278,809.000146770786,-3.71175201705461,0.000219927332966289,hiloBX,0.000771674852513295,L,20
LH_Vis_21,0.0714007986111111,0.0317538058519609,809.000000143765,2.24857451557108,0.0248079775113267,hiloBX,0.0513452296305998,L,21
LH_Vis_22,0.0433505648148147,0.0307085649049018,809.000000235373,1.41167667551586,0.158429673173475,hiloBX,0.231284194413832,L,22
LH_Vis_23,-0.0430146527777776,0.0194152195993556,809.000002954881,-2.21551203980228,0.0270026635696978,hiloBX,0.0553900791173289,L,23
LH_Vis_24,-0.0589022152777781,0.0205913863042332,809.000164401081,-2.86052694109619,0.00433833301875719,hiloBX,0.0115688880500192,L,24
LH_Vis_25,-0.0399813611111111,0.0207478191818933,809.000176112944,-1.92701511231614,0.0543276640189965,hiloBX,0.0983306136090435,L,25
LH_Vis_26,-0.041211201388889,0.0216628484684072,809.000001304868,-1.90239069663395,0.0574749537957888,hiloBX,0.103558475307728,L,26
LH_Vis_27,-0.0422683009259255,0.0223798851151611,809.000001245217,-1.88867372233699,0.0592930587192896,hiloBX,0.104943466759805,L,27
LH_Vis_28,0.0313937453703705,0.0207958179005447,809.000021195142,1.50961820883939,0.131531319158102,hiloBX,0.199289877512275,L,28
LH_Vis_29,-0.0930960023148145,0.0229450015075731,809.000020510396,-4.05735437777539,5.4441344953094e-05,hiloBX,0.000226838937304558,L,29
LH_Vis_30,-0.0202293865740741,0.0215985024117105,809.000024992416,-0.936610612553669,0.349238397585649,hiloBX,0.436999663309984,L,30
LH_Vis_31,0.00032915972222231,0.0206889006423998,809.000021329492,0.0159099667938726,0.987310141388864,hiloBX,0.987310141388864,L,31
LH_SomMot_1,-0.0422064814814815,0.0183010442833683,809.000001312197,-2.30623350383552,0.0213495350359363,hiloBX,0.0449463895493396,L,32
LH_SomMot_2,-0.0455061319444444,0.0257555943033297,809.000188945684,-1.76684457009642,0.077631275534251,hiloBX,0.129500502144114,L,33
LH_SomMot_3,-0.0161523564814814,0.0203544576853838,809.000000281337,-0.793553762578511,0.427687943378075,hiloBX,0.518409628337061,L,34
LH_SomMot_4,-0.0101740740740741,0.0221294580914408,809.00000146225,-0.459752517754118,0.645817393357307,hiloBX,0.713610379400339,L,35
LH_SomMot_5,-0.0423832013888889,0.0255674132184201,809.000002708751,-1.6577039306563,0.0977649216221637,hiloBX,0.154569046042947,L,36
LH_SomMot_6,-0.0342094027777777,0.0211891346073461,809.000021528602,-1.61447852456974,0.106813601069337,hiloBX,0.165602482278042,L,37
LH_SomMot_7,-0.0487838680555556,0.0215115420623205,809.000182107034,-2.26779967304181,0.0236043523637675,hiloBX,0.0491757340911824,L,38
LH_SomMot_8,-0.0402243425925927,0.0208617121873307,809.000023309259,-1.92814195840651,0.0541871566738153,hiloBX,0.0983306136090435,L,39
LH_SomMot_9,-0.0528746759259258,0.0241783005948196,809.000187697503,-2.18686485919753,0.0290380995508816,hiloBX,0.0586628273755183,L,40
LH_SomMot_10,-0.0168412569444445,0.0275322506726342,809.000002844568,-0.611691980604548,0.54091342351214,hiloBX,0.619461711838791,L,41
LH_SomMot_11,0.0176716157407406,0.0239744659161281,809.000024758618,0.737101539719914,0.461274314653625,hiloBX,0.550775301078955,L,42
LH_SomMot_12,-0.0255690509259258,0.0238754487558376,809.000025723437,-1.07093488325215,0.284518098974122,hiloBX,0.37560145079092,L,43
LH_SomMot_13,-0.0132291064814815,0.0198465231484135,809.000001160509,-0.666570481013396,0.505236576073353,hiloBX,0.590919972015617,L,44
LH_SomMot_14,-0.0131872777777778,0.0297745689928357,809.000164790149,-0.442904069608895,0.657953524934695,hiloBX,0.721044958832543,L,45
LH_SomMot_15,0.0281879259259259,0.022114852328221,809.000001426442,1.27461515489999,0.202811465752608,hiloBX,0.28665931555139,L,46
LH_SomMot_16,-0.00967128009259266,0.0220907802797747,809.000000258019,-0.43779712486875,0.661650213899355,hiloBX,0.723114987868148,L,47
LH_SomMot_17,-0.00371789583333358,0.0291803348985133,809.000001369397,-0.127411006291192,0.898646767522762,hiloBX,0.919331731481086,L,48
LH_SomMot_18,-0.0351926365740743,0.0188781459568349,809.000001324474,-1.86419983480066,0.0626556441499473,hiloBX,0.109922182719206,L,49
LH_SomMot_19,-0.0315652592592597,0.0228127305330565,809.000001175719,-1.38366861492185,0.166841597408644,hiloBX,0.242678687139845,L,50
LH_SomMot_20,0.0176965092592592,0.0236380094708939,809.000001350434,0.748646339322663,0.454287990871891,hiloBX,0.544057474098073,L,51
LH_SomMot_21,0.028511761574074,0.0271293588783085,809.000001880579,1.05095596626394,0.293592639055859,hiloBX,0.381289141630985,L,52
LH_SomMot_22,0.0224903240740734,0.0308912280502246,809.000001924784,0.728048882922603,0.466794329216916,hiloBX,0.555707534782042,L,53
LH_SomMot_23,-0.0519832152777777,0.0188798267846014,809.000000352083,-2.75337352777917,0.00603069848799286,hiloBX,0.0155630928722396,L,54
LH_SomMot_24,-0.0374742754629628,0.0187959157645262,809.000001659449,-1.99374565902708,0.0465151904950429,hiloBX,0.0869442812991456,L,55
LH_SomMot_25,-0.00620699305555549,0.0205481559610589,809.000020662801,-0.302070563768274,0.762675910035191,hiloBX,0.811357351101267,L,56
LH_SomMot_26,0.0167376111111111,0.0249026915090319,809.00000264218,0.672120565965353,0.501698844867815,hiloBX,0.588503043833214,L,57
LH_SomMot_27,-0.0396220694444445,0.0188301308162898,809.000000334408,-2.10418450254035,0.0356703804239296,hiloBX,0.0702729994042191,L,58
LH_SomMot_28,-0.0344669907407407,0.0238686418693519,809.000020865182,-1.44402814912554,0.149118201655497,hiloBX,0.22010066665018,L,59
LH_SomMot_29,-0.0353763819444444,0.0192471441686422,809.000247876727,-1.83800680425516,0.0664279074888317,hiloBX,0.114920933427392,L,60
LH_SomMot_30,0.015085613425926,0.0182455381059863,809.000000232058,0.826811099694364,0.408587929821466,hiloBX,0.501334883216523,L,61
LH_SomMot_31,-0.0559265763888888,0.0216820638990294,809.000001343864,-2.57939357845876,0.0100728318167618,hiloBX,0.0239829328970519,L,62
LH_SomMot_32,-0.0371268194444444,0.0196234969093354,809.000001369117,-1.89195736193085,0.0588535345837848,hiloBX,0.104628505926729,L,63
LH_SomMot_33,-0.0398367708333333,0.0198265025921284,809.000000613518,-2.00926868711326,0.0448403600293149,hiloBX,0.0854102095796474,L,64
LH_SomMot_34,-0.0192557291666667,0.01568774052977,809.00000169452,-1.22743801952397,0.220015044641473,hiloBX,0.307632717848758,L,65
LH_SomMot_35,-0.0571951296296297,0.0209228592706236,809.000001215114,-2.73361919084996,0.00640107314761836,hiloBX,0.0163084666181359,L,66
LH_SomMot_36,-0.0611747384259261,0.0174281443846074,808.980221362874,-3.51011198185595,0.000472683318743685,hiloBX,0.00150058196426567,L,67
LH_SomMot_37,-0.0726991226851853,0.0213155840428118,809.000000474533,-3.41060899570806,0.0006803072245933,hiloBX,0.00210947976618078,L,68
LH_DorsAttn_Post_1,-0.0152195439814813,0.0184588849507246,809.00015752818,-0.824510474067602,0.409892593287297,hiloBX,0.501397667629721,L,69
LH_DorsAttn_Post_2,0.0546664074074074,0.0222114570034181,809.000001827278,2.46118061498598,0.01405582203582,hiloBX,0.0308919165622418,L,70
LH_DorsAttn_Post_3,-0.00386065509259263,0.0212649817067759,809.000001708626,-0.18154989013522,0.855981453350875,hiloBX,0.880186584422494,L,71
LH_DorsAttn_Post_4,-0.0213486435185184,0.019827891806028,809.00000142454,-1.07669759989451,0.281936351426526,hiloBX,0.374666247742892,L,72
LH_DorsAttn_Post_5,0.0898096087962963,0.0219093658386545,809.000000271672,4.09914232377489,4.56527123571788e-05,hiloBX,0.000192221946767068,L,73
LH_DorsAttn_Post_6,0.0863603703703705,0.0198583939615535,809.000020686108,4.34880940208795,1.54357015228083e-05,hiloBX,7.01622796491285e-05,L,74
LH_DorsAttn_Post_7,0.105842513888889,0.0245574680678407,809.000000966599,4.30999293561112,1.8337055931992e-05,hiloBX,8.1498026364409e-05,L,75
LH_DorsAttn_Post_8,0.0600428541666667,0.0236965657445754,809.000001035373,2.53382092636827,0.0114703088426216,hiloBX,0.0265209453008593,L,76
LH_DorsAttn_Post_9,0.232289891203704,0.0259033098545342,809.0000013071,8.96757566921676,2.07219143878168e-18,hiloBX,3.94703131196511e-17,L,77
LH_DorsAttn_Post_10,0.208392078703703,0.0265243185257388,809.000000654935,7.856642141493,1.25521528787344e-14,hiloBX,1.61963262951412e-13,L,78
LH_DorsAttn_Post_11,0.0434783541666667,0.0202246865969858,809.000001365632,2.14976652212483,0.0318695617437623,hiloBX,0.0634220134204225,L,79
LH_DorsAttn_Post_12,0.0862612939814815,0.0234225929391379,809.000078105193,3.68282428019929,0.000245993566558871,hiloBX,0.00084825367778921,L,80
LH_DorsAttn_Post_13,0.0372915439814814,0.0214561143673211,809.000000225581,1.73803808756158,0.0825845996586781,hiloBX,0.13483199944274,L,81
LH_DorsAttn_Post_14,0.0236434953703705,0.0213469914372049,809.000001894526,1.10757974677233,0.268372547584199,hiloBX,0.362665604843512,L,82
LH_DorsAttn_Post_15,-0.0195838402777778,0.0184990362689043,809.000192234763,-1.0586411093586,0.290079239988103,hiloBX,0.379958721495334,L,83
LH_DorsAttn_Post_16,-0.0303116712962964,0.0171909601634581,809.000001613237,-1.76323317651147,0.0782386458103744,hiloBX,0.129500502144114,L,84
LH_DorsAttn_Post_17,-0.039672375,0.0176549198419137,809.000001232945,-2.24710026186671,0.0249024363708409,hiloBX,0.0513452296305998,L,85
LH_DorsAttn_FEF_1,0.0347080162037038,0.0200276669434019,809.000001208957,1.73300346474647,0.0834761108196014,hiloBX,0.135387159223264,L,86
LH_DorsAttn_FEF_2,0.108289662037037,0.0189311144054017,809.000102319805,5.7201947924491,1.49754135376477e-08,hiloBX,1.06967239554626e-07,L,87
LH_DorsAttn_FEF_3,0.0565290277777779,0.0209614684399553,809.00016809427,2.69680666408019,0.00714639491800203,hiloBX,0.0179783519949737,L,88
LH_DorsAttn_FEF_4,0.0445131435185186,0.0146886711654675,809.000173240236,3.03044046783261,0.00251974699681226,hiloBX,0.00709787886425988,L,89
LH_DorsAttn_PrCv_1,0.114669724537037,0.0209541730793495,809.000000397799,5.47240514349121,5.92394508994859e-08,hiloBX,3.94929672663239e-07,L,90
LH_DorsAttn_PrCv_2,0.0867065300925927,0.0234197416265843,809.000020061221,3.70228380291652,0.000228158542912755,hiloBX,0.000793594931870453,L,91
LH_SalVentAttn_ParOper_1,-0.0303348657407407,0.0223568451584631,809.000153350829,-1.35684912275101,0.175207622499244,hiloBX,0.252097298560064,L,92
LH_SalVentAttn_ParOper_2,0.102129104166667,0.0274141233745276,809.000020005942,3.72541929469691,0.000208536988408685,hiloBX,0.000738184029765257,L,93
LH_SalVentAttn_ParOper_3,0.0335781759259259,0.0205965104356185,809.000001203932,1.63028470433796,0.103430581433142,hiloBX,0.161610283489285,L,94
LH_SalVentAttn_ParOper_4,0.0560188865740742,0.0253346931288013,809.000001289276,2.21115315229101,0.0273041792438113,hiloBX,0.0557228147832883,L,95
LH_SalVentAttn_TempOcc_1,0.0697105162037037,0.0198034897030849,809.000184637924,3.52011273007326,0.000455472903777442,hiloBX,0.00146926743154013,L,96
LH_SalVentAttn_FrOperIns_1,0.00225243287037037,0.0201124006003672,809.000021343446,0.111992243746838,0.910857337057053,hiloBX,0.929446262303115,L,97
LH_SalVentAttn_FrOperIns_2,0.0167217615740741,0.0165348705284745,809.000142980998,1.01130284299945,0.312173871364376,hiloBX,0.398944244555114,L,98
LH_SalVentAttn_FrOperIns_3,0.203355979166667,0.0216791546464665,809.000000191677,9.38025409583082,6.45616084896091e-20,hiloBX,1.51909667034374e-18,L,99
LH_SalVentAttn_FrOperIns_4,-0.0104983078703706,0.0190426366935491,809.000186889074,-0.551305370118572,0.581576585648871,hiloBX,0.660882483691898,L,100
LH_SalVentAttn_FrOperIns_5,0.159778486111111,0.0262589783174005,809.000000407021,6.08471830776577,1.79971191784296e-09,hiloBX,1.43976953427437e-08,L,101
LH_SalVentAttn_FrOperIns_6,-0.0127507638888889,0.0202149309010727,809.000175773212,-0.630759706836903,0.52837579641493,hiloBX,0.610839070999919,L,102
LH_SalVentAttn_FrOperIns_7,0.130099076388889,0.0204745460850436,809.000215694838,6.35418611228332,3.49528641271061e-10,hiloBX,2.97471184060477e-09,L,103
LH_SalVentAttn_FrOperIns_8,-0.0301048148148148,0.0250779268214532,809.000000392658,-1.20045070029717,0.230315736230721,hiloBX,0.317236792960892,L,104
LH_SalVentAttn_FrOperIns_9,0.091229372685185,0.0195481830752818,809.000000570321,4.66689780497004,3.5778758277531e-06,hiloBX,1.85863679363797e-05,L,105
LH_SalVentAttn_PFCl_1,0.0205665671296296,0.019695105661403,809.000021158058,1.04424761578885,0.296682766019068,hiloBX,0.383762092334707,L,106
LH_SalVentAttn_Med_1,0.0547778726851852,0.0206244862230835,809.0000204571,2.65596301855395,0.00806390719187011,hiloBX,0.0200345520294909,L,107
LH_SalVentAttn_Med_2,-0.0213426712962962,0.0193434864840975,809.000002693649,-1.10335183441942,0.270202494834085,hiloBX,0.36390908395163,L,108
LH_SalVentAttn_Med_3,-0.0313356250000002,0.0199803232004564,809.000023757788,-1.56832423007474,0.117196513824895,hiloBX,0.180998476949644,L,109
LH_SalVentAttn_Med_4,0.0616019421296299,0.0222501865324112,809.000000667724,2.76860340203872,0.00575848012860831,hiloBX,0.0149570912431385,L,110
LH_SalVentAttn_Med_5,-0.0510918750000001,0.0192130255674914,809.000021593018,-2.65923109405777,0.00798678218248726,hiloBX,0.0199669554562182,L,111
LH_SalVentAttn_Med_6,-0.0117433055555556,0.0177866526398673,809.00002483661,-0.66023134275608,0.509293313427423,hiloBX,0.59220152724119,L,112
LH_SalVentAttn_Med_7,0.0199933217592594,0.0192133791391724,809.000001786631,1.0405937245311,0.298375026790235,hiloBX,0.383762092334707,L,113
LH_Limbic_OFC_1,0.0396079675925925,0.0257834478432001,809.000014876889,1.53617808733204,0.124885696316673,hiloBX,0.190665185216295,L,114
LH_Limbic_OFC_2,-0.000778261574073606,0.020374770058529,809.000015230161,-0.0381973181458224,0.969539782674207,hiloBX,0.971969706941561,L,115
LH_Limbic_OFC_3,-0.059829402777778,0.0345375834872205,809.000003726887,-1.73229846262741,0.0836015708203656,hiloBX,0.135387159223264,L,116
LH_Limbic_OFC_4,-0.0792615115740745,0.0241252189633121,809.00000374336,-3.28542143781615,0.00106212944197128,hiloBX,0.00319437426156777,L,117
LH_Limbic_OFC_5,0.0633356319444444,0.0272009192100636,809.000001427794,2.32843719196857,0.0201344796657795,hiloBX,0.0426126553773112,L,118
LH_Limbic_TempPole_1,-0.0196133495370363,0.0451428727700417,809.000015230996,-0.434472782380221,0.664061012205192,hiloBX,0.72377222038713,L,119
LH_Limbic_TempPole_2,-0.0178856180555553,0.0256757276845077,809.000001801479,-0.696596344817412,0.486255540656626,hiloBX,0.575450343972339,L,120
LH_Limbic_TempPole_3,0.0184566828703698,0.0361789485948213,809.000001821207,0.510149785641138,0.610085680540434,hiloBX,0.687420485115982,L,121
LH_Limbic_TempPole_4,0.0069700856481483,0.0312072381270907,809.000001117358,0.223348366163094,0.823320770817894,hiloBX,0.856047482224128,L,122
LH_Limbic_TempPole_5,-0.0306721574074073,0.022300630160473,809.000000359616,-1.37539420127116,0.169389981474418,hiloBX,0.244606471443202,L,123
LH_Limbic_TempPole_6,-0.00491678472222172,0.0152097096003698,809.000156486,-0.323266180052654,0.74657720420971,hiloBX,0.798478293272417,L,124
LH_Limbic_TempPole_7,-0.00912995370370378,0.0146821151771428,809.00014851189,-0.62184185272687,0.534221060570667,hiloBX,0.615816784519501,L,125
LH_Limbic_TempPole_8,-0.0342521851851857,0.0285618220839478,809.000001242842,-1.19922969495829,0.230789766879049,hiloBX,0.317236792960892,L,126
LH_Cont_Par_1,0.170817275462963,0.0245273329605011,809.000075987211,6.96436403167225,6.8318810722006e-12,hiloBX,6.8318810722006e-11,L,127
LH_Cont_Par_2,0.184815421296296,0.0235375091230733,809.000079579258,7.85195325171964,1.29960760752094e-14,hiloBX,1.62450950940117e-13,L,128
LH_Cont_Par_3,0.289864796296297,0.0248200502487944,809.000001559688,11.6786546921023,3.12945450566423e-29,hiloBX,6.25890901132846e-27,L,129
LH_Cont_Par_4,0.309770414351852,0.0290527075489446,809.000001389266,10.6623595694132,6.30453671072441e-25,hiloBX,5.04362936857953e-23,L,130
LH_Cont_Par_5,0.314672206018518,0.0285535639471168,809.000006841477,11.0204178575156,2.06727851719408e-26,hiloBX,2.75637135625877e-24,L,131
LH_Cont_Par_6,0.242761956018518,0.0253361538120886,809.000227540629,9.58164202108251,1.13651409917732e-20,hiloBX,3.03070426447284e-19,L,132
LH_Cont_Temp_1,0.107064601851852,0.023740970903121,809.000019987809,4.50969769891665,7.45196444972111e-06,hiloBX,3.5913081685403e-05,L,133
LH_Cont_OFC_1,0.0589967476851851,0.029062289358311,809.000002547193,2.03001033255881,0.0426822436942815,hiloBX,0.0822622674680965,L,134
LH_Cont_PFCl_1,0.21182636574074,0.0228438839197659,809.000000803466,9.27278244298271,1.61224723887777e-19,hiloBX,3.5827716419506e-18,L,135
LH_Cont_PFCl_2,0.0873290162037037,0.0218264119604552,809.000002826875,4.00107064605604,6.88403813895792e-05,hiloBX,0.000278142955109411,L,136
LH_Cont_PFCl_3,0.131602932870371,0.0218522260601283,809.000001570167,6.02240396508134,2.60609869626148e-09,hiloBX,2.04399897745998e-08,L,137
LH_Cont_PFCl_4,0.0851369305555555,0.0224042879239799,809.000070000294,3.80002840725999,0.000155532049925092,hiloBX,0.000586913395943744,L,138
LH_Cont_PFCl_5,0.126640731481481,0.0227224497514735,809.00000050274,5.5733749162882,3.40430047316605e-08,hiloBX,2.34779342976969e-07,L,139
LH_Cont_PFCl_6,0.21053774074074,0.0219055244343661,808.998140228533,9.61117097979364,8.7885189303529e-21,hiloBX,2.51100540867226e-19,L,140
LH_Cont_PFCl_7,0.227226925925926,0.0266348045694199,809.000000364435,8.53120304801525,7.08621773750584e-17,hiloBX,1.09018734423167e-15,L,141
LH_Cont_PFCl_8,0.12699124537037,0.0229905334533876,809.000133573827,5.5236319604258,4.47744402952403e-08,hiloBX,3.03555527425358e-07,L,142
LH_Cont_PFCv_1,0.161605662037037,0.0165121930572608,809.000019334619,9.78705018022879,1.87648606370318e-21,hiloBX,6.25495354567728e-20,L,143
LH_Cont_pCun_1,0.130895842592593,0.0267806703274874,809.000004446067,4.8876985150832,1.23035372791388e-06,hiloBX,6.65056069142637e-06,L,144
LH_Cont_pCun_2,0.0797318356481483,0.0213574116348414,809.000151897601,3.73321622541926,0.000202290082842075,hiloBX,0.000724748797914637,L,145
LH_Cont_Cing_1,0.0544363171296297,0.0176402272667947,809.000162015142,3.08591926318878,0.00209836044985228,hiloBX,0.00599531557100652,L,146
LH_Cont_Cing_2,0.106344631944444,0.0255244594023384,809.000021170722,4.16638136260397,3.42777480039583e-05,hiloBX,0.000147431174210573,L,147
LH_Cont_PFCmp_1,0.209968449074074,0.0198977418268901,809.000094273956,10.5523757872021,1.77145401375653e-24,hiloBX,1.08700634426664e-22,L,148
LH_Default_Temp_1,0.0246699722222223,0.0364997993236254,809.000021569874,0.675893365974043,0.499301511311766,hiloBX,0.587413542719725,L,149
LH_Default_Temp_2,0.0549521388888888,0.0294235363625956,809.000001444201,1.86762523075731,0.0621757112070529,hiloBX,0.109560724593926,L,150
LH_Default_Temp_3,0.128489474537037,0.0243158091214265,809.000014302489,5.28419489951561,1.62486494190416e-07,hiloBX,1.0155405886901e-06,L,151
LH_Default_Temp_4,0.00456231481481476,0.0242000197525833,809.000020897351,0.188525251692315,0.850512202906286,hiloBX,0.876816704027098,L,152
LH_Default_Temp_5,-0.0280966180555555,0.0161557715815518,809.000020927123,-1.73910716140843,0.0823962910690687,hiloBX,0.13483199944274,L,153
LH_Default_Temp_6,0.163956206018518,0.0228092310074515,809.000055135649,7.18815140961816,1.49438169720994e-12,hiloBX,1.57303336548415e-11,L,154
LH_Default_Temp_7,0.106885148148148,0.0208426954893742,809.000000069534,5.12818259052142,3.66354668090758e-07,hiloBX,2.18719204830304e-06,L,155
LH_Default_Temp_8,-0.0262686041666666,0.0197645488115711,809.00000122079,-1.3290768444604,0.184197321132015,hiloBX,0.263139030188593,L,156
LH_Default_Temp_9,0.0201401458333334,0.0203707859797982,809.000001462726,0.988677896538036,0.323116363134083,hiloBX,0.411613201444692,L,157
LH_Default_Temp_10,0.0379030833333334,0.0193902677683883,809.000000172918,1.95474780369594,0.050956904248088,hiloBX,0.0934989068772257,L,158
LH_Default_Par_1,0.0583264444444445,0.0175693362377055,809.000003223234,3.31978645381437,0.000941187056195166,hiloBX,0.0028738536067028,L,159
LH_Default_Par_2,0.0100946134259259,0.0185812682344062,809.00002568868,0.543268268806003,0.587094761978824,hiloBX,0.665263186378271,L,160
LH_Default_Par_3,-0.0319931620370368,0.0182365334549367,809.000189815768,-1.75434449294288,0.079750077863774,hiloBX,0.131275848335431,L,161
LH_Default_Par_4,0.0516532916666664,0.0254953703965538,809.000001810996,2.02598710523729,0.0430938329925317,hiloBX,0.0824762353924051,L,162
LH_Default_Par_5,0.181624900462963,0.0205176183029782,809.000001247461,8.85214344964198,5.3477442597821e-18,hiloBX,9.72317138142199e-17,L,163
LH_Default_Par_6,0.111744601851851,0.0276497182409245,809.000081191543,4.04143727173528,5.81935895567206e-05,hiloBX,0.000239973565182353,L,164
LH_Default_Par_7,0.235684131944444,0.0255477605383125,808.998076378099,9.22523645824073,2.41058476330334e-19,hiloBX,4.82116952660669e-18,L,165
LH_Default_PFC_1,0.0887534537037037,0.0194031752316414,809.000001134753,4.57417163140239,5.53009505236789e-06,hiloBX,2.7309111369718e-05,L,166
LH_Default_PFC_2,-0.045406689814815,0.0231247487529473,809.000149309308,-1.9635538660297,0.0499239892863792,hiloBX,0.0920257867030031,L,167
LH_Default_PFC_3,-0.152229967592593,0.0328690583663402,809.000000374451,-4.63140640951507,4.23055873928962e-06,hiloBX,2.1581959965278e-05,L,168
LH_Default_PFC_4,-0.12870818287037,0.025272219042939,809.000000365468,-5.09287224250814,4.39069510837153e-07,hiloBX,2.54533049760668e-06,L,169
LH_Default_PFC_5,0.101169358796297,0.026720525514586,809.000179390818,3.78620393304283,0.000164279311967024,hiloBX,0.000614128269035603,L,170
LH_Default_PFC_6,0.151583400462963,0.0219090460733513,809.000099410315,6.9187585783271,9.26580133936664e-12,hiloBX,9.03980618474795e-11,L,171
LH_Default_PFC_7,0.0886938750000001,0.02072471451469,809.000139610238,4.27961866191848,2.09631872773966e-05,hiloBX,9.21458781424028e-05,L,172
LH_Default_PFC_8,-0.0516617569444446,0.0198764656965768,809.000175683973,-2.59914200708942,0.00951594961205724,hiloBX,0.0230689687565024,L,173
LH_Default_PFC_9,-0.00386934259259268,0.015134979491924,809.000000266012,-0.255655621777178,0.798281751241751,hiloBX,0.838996053133969,L,174
LH_Default_PFC_10,0.175402046296296,0.0219332093500324,809.000009595164,7.99709898797995,4.39663130244368e-15,hiloBX,5.86217506992491e-14,L,175
LH_Default_PFC_11,-0.00545786574074111,0.0206365293918362,809.000001183667,-0.264475951217855,0.791480556274065,hiloBX,0.837115663483418,L,176
LH_Default_PFC_12,0.0549033472222222,0.0146561351606049,809.000020612539,3.7460999520392,0.000192352065184436,hiloBX,0.000699462055216133,L,177
LH_Default_PFC_13,0.0847962893518518,0.01878994758901,809.000000451936,4.51285395822223,7.34457470538635e-06,hiloBX,3.58271936848115e-05,L,178
LH_Default_PFC_14,0.0102121319444446,0.0193268569867937,809.000001342675,0.528390723407472,0.597373089296049,hiloBX,0.674997841012484,L,179
LH_Default_PFC_15,0.0344403888888889,0.017660833930763,809.000001271218,1.95009980977727,0.0515092861777817,hiloBX,0.0940808879959483,L,180
LH_Default_PFC_16,0.0150723634259259,0.0187739852915047,809.000001497896,0.802832387044971,0.422307411096143,hiloBX,0.515009037922126,L,181
LH_Default_PFC_17,0.20621269212963,0.0207932554040052,809.000001329901,9.91728751092572,5.89900995655839e-22,hiloBX,2.35960398262336e-20,L,182
LH_Default_PFC_18,0.0805416643518517,0.0173963186454568,809.000000078974,4.62981082338855,4.26243709314241e-06,hiloBX,2.1581959965278e-05,L,183
LH_Default_PFC_19,-0.0105432916666665,0.0172084850281607,809.000001252895,-0.612679829131563,0.540260242038957,hiloBX,0.619461711838791,L,184
LH_Default_PFC_20,0.142264347222222,0.0185863904159303,809.000066809817,7.6542213974096,5.54007444583135e-14,hiloBX,6.71524175252284e-13,L,185
LH_Default_PFC_21,0.137045675925926,0.020911503950108,809.000078944515,6.55360208681778,9.9937994059867e-11,hiloBX,9.08527218726064e-10,L,186
LH_Default_PFC_22,0.0318491342592592,0.0184248942940614,809.000001656089,1.72859250918604,0.0842635887404504,hiloBX,0.135909014097501,L,187
LH_Default_PFC_23,0.0782341550925927,0.0147833663465965,809.000070293891,5.29203925942107,1.55890816015121e-07,hiloBX,9.89782958826165e-07,L,188
LH_Default_PFC_24,0.0779757106481482,0.0177463005774103,809.000147308317,4.39391355443429,1.26146244302983e-05,hiloBX,6.00696401442778e-05,L,189
LH_Default_pCunPCC_1,-0.149044761574074,0.0237834326964478,809.000132516177,-6.266747255384,5.98881517112292e-10,hiloBX,4.9906793092691e-09,L,190
LH_Default_pCunPCC_2,-0.0915426111111106,0.0177979691865058,809.000001509988,-5.14343013811471,3.38688865089132e-07,hiloBX,2.05265978841898e-06,L,191
LH_Default_pCunPCC_3,-0.115634006944444,0.0267905818349903,809.000063425392,-4.31621857474621,1.78390374343201e-05,hiloBX,8.01754491430119e-05,L,192
LH_Default_pCunPCC_4,0.0560984976851852,0.0256398075589761,809.00000118796,2.18794534850345,0.0289589929629831,hiloBX,0.0586628273755183,L,193
LH_Default_pCunPCC_5,0.106383449074074,0.0290032651963344,809.000091814609,3.66798180666636,0.00026046905464179,hiloBX,0.000890492494501845,L,194
LH_Default_pCunPCC_6,0.00776607870370361,0.0238275811055423,809.000020928082,0.325928119573045,0.744563026529347,hiloBX,0.798459009682946,L,195
LH_Default_pCunPCC_7,-0.0108047083333334,0.0226068928221041,809.000000257674,-0.477938671995161,0.632822968400576,hiloBX,0.711037043146714,L,196
LH_Default_pCunPCC_8,0.0263490902777777,0.0225284424780615,809.000021097756,1.16959218567537,0.242509590756965,hiloBX,0.331071113661386,L,197
LH_Default_pCunPCC_9,0.0195983981481481,0.0200985902026924,809.000021748097,0.975113077608929,0.329795649105307,hiloBX,0.417462846968743,L,198
LH_Default_pCunPCC_10,0.174665824074074,0.0270653037725155,809.000093668929,6.4534957945473,1.88146836687134e-10,hiloBX,1.63605944945334e-09,L,199
LH_Default_pCunPCC_11,0.0392703310185184,0.0193536923484933,809.000180780839,2.02908728274662,0.0427763790834102,hiloBX,0.0822622674680965,L,200
RH_Vis_1,-0.0305260972222221,0.0188642869253493,809.000001388411,-1.61819512940094,0.106010334502518,hiloBX,0.164996629575903,R,201
RH_Vis_2,-0.0667154675925923,0.017192716534785,809.000001715867,-3.88044945995653,0.000112747930648663,hiloBX,0.000437856041354031,R,202
RH_Vis_3,-0.0228890393518519,0.0267731271597472,809.000006850103,-0.854925882033873,0.392845285567841,hiloBX,0.486495709681536,R,203
RH_Vis_4,-0.0506118032407405,0.0272082648683135,809.000149019937,-1.86016283969959,0.063225204205855,hiloBX,0.110437037914157,R,204
RH_Vis_5,-0.0290672013888889,0.0196990309182826,809.000000220729,-1.47556504223321,0.140449776933487,hiloBX,0.210411650836685,R,205
RH_Vis_6,-0.0545019560185185,0.0231415274964643,809.000190299299,-2.35515810383933,0.0187527388488051,hiloBX,0.0401128103717757,R,206
RH_Vis_7,-0.0407426226851853,0.0193804124019423,809.000001218423,-2.10225777657354,0.0358392296961518,hiloBX,0.0702729994042191,R,207
RH_Vis_8,-0.0661453379629631,0.0291233612327897,809.000001360267,-2.27121235884307,0.0233960860270903,hiloBX,0.0489970388001891,R,208
RH_Vis_9,-0.0560215763888889,0.022456183500982,809.000002577338,-2.49470602991996,0.012804561386228,hiloBX,0.0289368618897809,R,209
RH_Vis_10,-0.0128488796296297,0.0277908463217085,809.000000286378,-0.462342149673686,0.643960294651781,hiloBX,0.713610379400339,R,210
RH_Vis_11,-0.0474472662037036,0.0258942474466372,809.00016385091,-1.83234775605983,0.0672670614788886,hiloBX,0.114986429878442,R,211
RH_Vis_12,-0.0380140092592591,0.0260377750894688,809.000026137107,-1.45995612638325,0.144690335611316,hiloBX,0.215955724793008,R,212
RH_Vis_13,0.0778551736111114,0.0389017822569841,809.000001217012,2.00132665122647,0.0456907749813003,hiloBX,0.0858042722653527,R,213
RH_Vis_14,-0.00679825231481474,0.0308158828107498,809.00002119179,-0.220608715205889,0.825452775944887,hiloBX,0.856047482224128,R,214
RH_Vis_15,0.0433695856481479,0.0299874458610862,809.000000278783,1.44625807242981,0.148492133384654,hiloBX,0.219988345755043,R,215
RH_Vis_16,-0.0627914537037035,0.0205786723088361,809.000000244,-3.05128789463944,0.00235305545572006,hiloBX,0.00667533462615619,R,216
RH_Vis_17,-0.0858629375000005,0.0348459292157301,809.000000221224,-2.46407369332657,0.0139437338124904,hiloBX,0.0308148813535699,R,217
RH_Vis_18,-0.018261784722222,0.0229433281107609,809.000025353757,-0.795951861650659,0.426293503389271,hiloBX,0.518289973725558,R,218
RH_Vis_19,0.0615175162037038,0.0331419384490925,809.000024875183,1.8561834063568,0.0637908321978975,hiloBX,0.110940577735474,R,219
RH_Vis_20,0.0516367222222222,0.0315893526068198,809.000002766035,1.63462426295733,0.10251686480057,hiloBX,0.161443881575701,R,220
RH_Vis_21,-0.0503020949074073,0.0247002938782481,809.000021550688,-2.03649783097136,0.0420255673220501,hiloBX,0.0816030433437866,R,221
RH_Vis_22,-0.0551883287037035,0.0195969086960114,809.000167292228,-2.81617522231637,0.00497817866387694,hiloBX,0.0130148461800704,R,222
RH_Vis_23,-0.0737966851851854,0.0202078327238182,809.000188203397,-3.65188519688229,0.000277070156141857,hiloBX,0.000937052301425185,R,223
RH_Vis_24,-0.0381131712962965,0.02076199195897,809.000023179077,-1.83571843066003,0.0667661936612974,hiloBX,0.114920933427392,R,224
RH_Vis_25,-0.0223126365740737,0.0204639171963046,809.000165336751,-1.09034044459987,0.275887853867587,hiloBX,0.370319266936359,R,225
RH_Vis_26,-0.0736206481481484,0.0234015799392275,809.000001327603,-3.14596913282508,0.0017159505610632,hiloBX,0.00501007463084145,R,226
RH_Vis_27,0.0276944097222222,0.022911361051656,809.000001858433,1.20876318346092,0.227107009348224,hiloBX,0.314334961035604,R,227
RH_Vis_28,-0.0124516018518518,0.0196337447374666,809.000000227746,-0.634193935917415,0.526133544730878,hiloBX,0.610009906934351,R,228
RH_Vis_29,-0.0771469953703702,0.0197918692280488,809.000189989358,-3.89791355639307,0.0001050597884583,hiloBX,0.000411999170424708,R,229
RH_Vis_30,-0.0227371203703704,0.0218272048751931,809.0000015549,-1.04168722016311,0.297867910162496,hiloBX,0.383762092334707,R,230
RH_SomMot_1,-0.0454262476851852,0.0165753754131788,809.000175629236,-2.74058635492911,0.00626816749075195,hiloBX,0.0160722243352614,R,231
RH_SomMot_2,-0.0225099490740742,0.0208949493236251,809.000002419173,-1.07729139350547,0.281671234263389,hiloBX,0.374666247742892,R,232
RH_SomMot_3,-0.0683365555555556,0.023974911529641,809.000002909106,-2.85033608866788,0.00447835846010615,hiloBX,0.0118632012188242,R,233
RH_SomMot_4,-0.0330973912037038,0.0180412805970026,809.000177891234,-1.83453669077142,0.0669414437214559,hiloBX,0.114920933427392,R,234
RH_SomMot_5,-0.0164171597222221,0.0210576497380995,809.000192202984,-0.779629252381314,0.435837145688007,hiloBX,0.526691414728709,R,235
RH_SomMot_6,-0.0376496018518516,0.0198778820843294,809.000155519127,-1.89404493356626,0.0585755190143338,hiloBX,0.104599141097025,R,236
RH_SomMot_7,-0.0746198425925928,0.0204421928946465,809.000147166171,-3.65028561158596,0.000278773059673993,hiloBX,0.000937052301425185,R,237
RH_SomMot_8,-0.0190713101851852,0.0208743499927668,809.000001359745,-0.913624145987475,0.361186572841217,hiloBX,0.448678972473561,R,238
RH_SomMot_9,-0.0604671759259259,0.0236362555693867,809.000003768225,-2.55823837021977,0.010701471396797,hiloBX,0.0253289263829515,R,239
RH_SomMot_10,-0.0584720162037037,0.0236413349814021,809.000021862615,-2.47329587139229,0.013591692128295,hiloBX,0.0302037602850999,R,240
RH_SomMot_11,-0.0353206574074075,0.0227243525447113,809.000177474203,-1.55430863598478,0.120501908051329,hiloBX,0.184677253718512,R,241
RH_SomMot_12,-0.0744201226851855,0.0232369013539206,809.000180371115,-3.20266982037298,0.00141486092375451,hiloBX,0.00422346544404332,R,242
RH_SomMot_13,-0.0403887662037033,0.0280585767585466,809.000001185762,-1.43944457879179,0.150411410754676,hiloBX,0.221193251109818,R,243
RH_SomMot_14,-0.0289731342592592,0.0274557409237358,809.000001529937,-1.05526688715989,0.291618318747669,hiloBX,0.379958721495334,R,244
RH_SomMot_15,-0.0159598888888889,0.018884292805827,809.000001215357,-0.845140935537936,0.398282028342229,hiloBX,0.491706207829912,R,245
RH_SomMot_16,-0.0430582638888885,0.0263774653490345,809.000002924644,-1.63238822681136,0.102986867122215,hiloBX,0.161548026858376,R,246
RH_SomMot_17,-0.00533538425925933,0.0209609564751015,809.000001285354,-0.254539160252395,0.799143740610105,hiloBX,0.838996053133969,R,247
RH_SomMot_18,-0.0387100300925928,0.0262298533153887,809.000026030821,-1.47580047921512,0.140386555585572,hiloBX,0.210411650836685,R,248
RH_SomMot_19,-0.0402517291666668,0.0228258733310873,809.000000217916,-1.76342559089937,0.0782061877883795,hiloBX,0.129500502144114,R,249
RH_SomMot_20,-0.021774027777778,0.0190576986112084,809.000141639738,-1.14253185665199,0.253571029639323,hiloBX,0.343825124934675,R,250
RH_SomMot_21,-0.0728350416666663,0.0233266636883491,809.000001367217,-3.12239429691976,0.00185769594536421,hiloBX,0.00538462592859192,R,251
RH_SomMot_22,-0.0524551250000002,0.0198325597586331,809.000000185418,-2.64489937952494,0.00832998676163078,hiloBX,0.0205341838118238,R,252
RH_SomMot_23,-0.0306092152777777,0.0238946618417407,809.000001270628,-1.28100642229252,0.200558499418429,hiloBX,0.284480141019048,R,253
RH_SomMot_24,-0.0337878009259258,0.0197467840381547,809.000020472452,-1.71105334725093,0.0874545991782597,hiloBX,0.140489315949012,R,254
RH_SomMot_25,-0.094914074074074,0.0248347674230622,809.000153348666,-3.82182254648112,0.000142628627301705,hiloBX,0.000543347151625541,R,255
RH_SomMot_26,-0.0621901921296293,0.0208216063241385,809.000158801313,-2.98681048721645,0.00290414638889831,hiloBX,0.00806707330249529,R,256
RH_SomMot_27,-0.0673944675925931,0.0194023546257548,809.000021203561,-3.47352003880669,0.000540968818435275,hiloBX,0.00169052755761024,R,257
RH_SomMot_28,-0.0818030185185184,0.0187338887415962,809.00002124833,-4.36657971267253,1.42589240799769e-05,hiloBX,6.63205771161717e-05,R,258
RH_SomMot_29,-0.0816177685185184,0.0224470018041028,809.000000719378,-3.63602093637292,0.000294399630791027,hiloBX,0.000981332102636757,R,259
RH_SomMot_30,-0.0665792893518521,0.017672909190519,809.000002521667,-3.76730784015854,0.000176987724102343,hiloBX,0.000649496235237956,R,260
RH_SomMot_31,-0.0171662592592593,0.018341819136059,809.000001831322,-0.93590821782292,0.349599730647987,hiloBX,0.436999663309984,R,261
RH_SomMot_32,-0.0522983981481483,0.0185030030005598,809.00002066623,-2.82648163363354,0.00482230265602486,hiloBX,0.0126902701474339,R,262
RH_SomMot_33,-0.0522404236111114,0.0199620387234159,809.000000198706,-2.61698839156304,0.009036537112413,hiloBX,0.0220403344205195,R,263
RH_SomMot_34,-0.0694550347222222,0.0220732832274981,809.000001369781,-3.14656564709403,0.00171249681572754,hiloBX,0.00501007463084145,R,264
RH_SomMot_35,-0.0486029490740741,0.0169816021773949,809.000157055993,-2.86209443410305,0.00431715161071989,hiloBX,0.0115688880500192,R,265
RH_SomMot_36,-0.00791997685185185,0.0173884482290254,809.000001705684,-0.455473469946072,0.64889086836438,hiloBX,0.715031259905653,R,266
RH_SomMot_37,-0.0511479675925926,0.017263409826574,809.000134142298,-2.96279634825441,0.00313791717041975,hiloBX,0.00865632322874415,R,267
RH_SomMot_38,-0.0443683657407408,0.0190501139307764,809.000001801454,-2.32903414131616,0.0201026647816109,hiloBX,0.0426126553773112,R,268
RH_SomMot_39,-0.0397023379629627,0.015341602626312,809.000020960977,-2.58788725858863,0.00982985139959477,hiloBX,0.0235445542505264,R,269
RH_SomMot_40,-0.0818038587962965,0.0216991630586012,809.000002939342,-3.76990847874526,0.000175185317468719,hiloBX,0.000648834509143404,R,270
RH_DorsAttn_Post_1,-0.00723462731481482,0.0206448769631438,809.00002082896,-0.350432086746287,0.726105671184399,hiloBX,0.78286325734167,R,271
RH_DorsAttn_Post_2,-0.00938824768518516,0.0209784951930031,809.000000255463,-0.447517688891069,0.654621118040328,hiloBX,0.719363865978382,R,272
RH_DorsAttn_Post_3,-0.010324550925926,0.0178206510613751,809.000021684586,-0.579358795050067,0.562508387318693,hiloBX,0.641035199223581,R,273
RH_DorsAttn_Post_4,0.0363592638888888,0.0205188320978013,809.000262336181,1.77199480533714,0.0767717618827266,hiloBX,0.129500502144114,R,274
RH_DorsAttn_Post_5,0.0862879398148149,0.0231185735169594,809.000083761961,3.73240761379657,0.000202929663416098,hiloBX,0.000724748797914637,R,275
RH_DorsAttn_Post_6,-0.0442849675925929,0.0185286940305741,809.000021016525,-2.3900749572268,0.0170728496134417,hiloBX,0.0369142694344686,R,276
RH_DorsAttn_Post_7,0.0667975138888889,0.0228668600491678,809.000153381716,2.92114937272815,0.00358443984599964,hiloBX,0.00975357781224393,R,277
RH_DorsAttn_Post_8,0.110710523148148,0.0220998776321602,809.000107890109,5.00955367223571,6.70181104158884e-07,hiloBX,3.77566819244442e-06,R,278
RH_DorsAttn_Post_9,-0.0123360347222226,0.0202228020285314,809.000001290788,-0.61000620511531,0.542028997858942,hiloBX,0.619461711838791,R,279
RH_DorsAttn_Post_10,0.0864442824074068,0.0220281643295162,809.000020781672,3.92426173667034,9.43923790152551e-05,hiloBX,0.00037756951606102,R,280
RH_DorsAttn_Post_11,0.200387793981482,0.0262429348373119,809.000000664575,7.6358759118882,6.32792585754576e-14,hiloBX,7.23191526576659e-13,R,281
RH_DorsAttn_Post_12,0.00476694212962967,0.0205405455583798,809.000001323677,0.232074757512218,0.816538641971509,hiloBX,0.852781871510714,R,282
RH_DorsAttn_Post_13,-0.0315989791666668,0.0187037276628456,809.000001151826,-1.68944820713131,0.0915188690321081,hiloBX,0.145268046082711,R,283
RH_DorsAttn_Post_14,0.072826976851852,0.0207192018243746,809.000136996735,3.51495088802971,0.000464281153053071,hiloBX,0.00148569968976983,R,284
RH_DorsAttn_Post_15,0.112282958333333,0.0231615352951669,809.000000615515,4.84782018559724,1.49672230012512e-06,hiloBX,7.98251893400065e-06,R,285
RH_DorsAttn_Post_16,-0.0332468194444445,0.0194765712226753,809.000155888284,-1.70701603810723,0.0882027935333332,hiloBX,0.141124469653333,R,286
RH_DorsAttn_Post_17,-0.0207887199074075,0.0176703364733399,809.000024486651,-1.17647561147308,0.239750924565805,hiloBX,0.328425924062746,R,287
RH_DorsAttn_Post_18,-0.0262287893518518,0.0195942097495297,809.000171438417,-1.33859898853442,0.181077301833044,hiloBX,0.259609034886084,R,288
RH_DorsAttn_Post_19,-0.0683387777777779,0.0178440955578405,809.000021128718,-3.8297697720942,0.000138179962276916,hiloBX,0.000531461393372755,R,289
RH_DorsAttn_FEF_1,0.0186287615740741,0.0197542359477252,809.000001782825,0.943026175417291,0.345949040388372,hiloBX,0.43515602564575,R,290
RH_DorsAttn_FEF_2,0.0377768495370371,0.01831075657144,809.000001137428,2.0630960490163,0.0394220834619566,hiloBX,0.0769211384623544,R,291
RH_DorsAttn_FEF_3,0.00220728009259265,0.0170424345955621,809.000001138303,0.129516711958949,0.896980995838346,hiloBX,0.919331731481086,R,292
RH_DorsAttn_PrCv_1,0.0599209421296297,0.0208257983618808,809.000001245406,2.87724586056244,0.00411720193837549,hiloBX,0.0111275728064203,R,293
RH_SalVentAttn_TempOccPar_1,0.0466380694444446,0.019538939757064,809.000145376504,2.38692938431234,0.0172185683529407,hiloBX,0.0370291792536359,R,294
RH_SalVentAttn_TempOccPar_2,0.00163577314814809,0.0200505770378692,809.000176540251,0.0815823477328674,0.934999017787172,hiloBX,0.946834448392073,R,295
RH_SalVentAttn_TempOccPar_3,0.0686937916666662,0.0206577837297619,809.000169518523,3.32532243367899,0.000922943780292088,hiloBX,0.00283982701628335,R,296
RH_SalVentAttn_TempOccPar_4,-0.0602185624999999,0.0241668706442199,809.000021784173,-2.49178155444808,0.012909638313423,hiloBX,0.0290104231762315,R,297
RH_SalVentAttn_TempOccPar_5,-0.038954875,0.0229932349903964,809.000162770313,-1.69418853050779,0.0906143555451316,hiloBX,0.144405347482281,R,298
RH_SalVentAttn_TempOccPar_6,-0.0376048703703704,0.0298506544507716,809.000001406386,-1.25976703232375,0.208116712664634,hiloBX,0.292093631810013,R,299
RH_SalVentAttn_TempOccPar_7,0.125481895833333,0.0249110726404703,809.000107616713,5.03719360640765,5.82852425548329e-07,hiloBX,3.33058528884759e-06,R,300
RH_SalVentAttn_PrC_1,0.0535521157407409,0.0209521940926884,809.000001409216,2.55591922754423,0.0107724688492651,hiloBX,0.0253469855276826,R,301
RH_SalVentAttn_FrOperIns_1,-0.0245043819444444,0.0226756853465162,809.000025400203,-1.08064570353588,0.280176783644251,hiloBX,0.374666247742892,R,302
RH_SalVentAttn_FrOperIns_2,0.0548798078703704,0.0156942655097181,809.000145751449,3.49680638679065,0.000496522801265306,hiloBX,0.00156385134256789,R,303
RH_SalVentAttn_FrOperIns_3,-0.0367781689814813,0.0193893808007301,809.000185968226,-1.89682019036402,0.058207612781889,hiloBX,0.104408274048231,R,304
RH_SalVentAttn_FrOperIns_4,-0.0136557013888889,0.0176398869539269,809.000002985467,-0.774137692863669,0.439075538269034,hiloBX,0.527902067029679,R,305
RH_SalVentAttn_FrOperIns_5,0.197522979166667,0.0234981091376835,809.000046559084,8.4059095142214,1.90298106053533e-16,hiloBX,2.81923120079308e-15,R,306
RH_SalVentAttn_FrOperIns_6,-0.0334205833333334,0.0220905949600338,809.000020265976,-1.51288742534086,0.13069879469218,hiloBX,0.19878143679419,R,307
RH_SalVentAttn_FrOperIns_7,-0.0151303726851852,0.0195620329478509,809.000000184884,-0.773456047514091,0.439478470802207,hiloBX,0.527902067029679,R,308
RH_SalVentAttn_FrOperIns_8,0.117364965277779,0.0208895898568547,809.000000792789,5.61834703706575,2.65240828419926e-08,hiloBX,1.8613391468065e-07,R,309
RH_SalVentAttn_PFCl_1,0.0501724143518521,0.0201073148554224,809.000021058127,2.4952319448224,0.0127857458116183,hiloBX,0.0289368618897809,R,310
RH_SalVentAttn_Med_1,0.0653944027777778,0.0185677031633723,809.000020895739,3.52194357063928,0.000452386446797993,hiloBX,0.00146926743154013,R,311
RH_SalVentAttn_Med_2,-0.00905681712962968,0.0195792685139454,809.000001421809,-0.462571782146964,0.6437957258947,hiloBX,0.713610379400339,R,312
RH_SalVentAttn_Med_3,-0.0286430046296298,0.0208217853842115,809.000171065158,-1.37562673426405,0.169317967884322,hiloBX,0.244606471443202,R,313
RH_SalVentAttn_Med_4,0.0973519513888892,0.0206725845668446,809.000000314433,4.70922980501555,2.92545617281253e-06,hiloBX,1.53971377516449e-05,R,314
RH_SalVentAttn_Med_5,-0.051475837962963,0.0198346203353962,809.000158519745,-2.59525199335936,0.00962341690188311,hiloBX,0.0231889563900798,R,315
RH_SalVentAttn_Med_6,-0.0546949212962965,0.0176360506257996,809.000021529145,-3.10131346619543,0.0019934926246567,hiloBX,0.00573666942347251,R,316
RH_SalVentAttn_Med_7,0.0017943726851852,0.0183263188338067,809.000021014171,0.0979123358846679,0.922026157311596,hiloBX,0.936067164783346,R,317
RH_SalVentAttn_Med_8,0.0398736388888892,0.0183402778938604,809.0000209295,2.17410222024157,0.0299866894102831,hiloBX,0.0602747525834837,R,318
RH_Limbic_OFC_1,0.0217858402777779,0.0259750569791879,809.000025664615,0.838721558733573,0.401873325017607,hiloBX,0.494613323098593,R,319
RH_Limbic_OFC_2,-0.008047189814815,0.023205111380759,809.000020743326,-0.346785226874088,0.72884285910368,hiloBX,0.783701999036215,R,320
RH_Limbic_OFC_3,-0.081386118055556,0.0457272792111332,809.00002063091,-1.77981545063676,0.075481464222885,hiloBX,0.127934685123534,R,321
RH_Limbic_OFC_4,0.0694506041666667,0.034653849882439,809.000003214423,2.0041237669775,0.045389726068682,hiloBX,0.0856409925824188,R,322
RH_Limbic_OFC_5,-0.0711397592592597,0.0278565413522971,809.000001464811,-2.55379009043395,0.0108380185900852,hiloBX,0.0253520902692052,R,323
RH_Limbic_OFC_6,0.0573495138888888,0.0467950977049608,809.000001786835,1.22554533918217,0.220726475056484,hiloBX,0.307632717848758,R,324
RH_Limbic_TempPole_1,-0.0184581111111111,0.027923558777845,809.000171837519,-0.661022875270326,0.508785839302704,hiloBX,0.59220152724119,R,325
RH_Limbic_TempPole_2,0.0239869236111111,0.0511060073934875,809.000025647426,0.469356242729456,0.638941488209325,hiloBX,0.713610379400339,R,326
RH_Limbic_TempPole_3,-0.00692555555555561,0.0171605571820328,809.000001143942,-0.403574049612254,0.686632617206148,hiloBX,0.744317200223467,R,327
RH_Limbic_TempPole_4,-0.0334940601851848,0.0264397578800836,809.000001138798,-1.26680661513981,0.20558902829577,hiloBX,0.289562011684184,R,328
RH_Limbic_TempPole_5,-0.0329859606481484,0.0165688928056236,809.000020593917,-1.99083674661427,0.0468348411261101,hiloBX,0.0871345881416001,R,329
RH_Limbic_TempPole_6,-0.045416877314815,0.0215817808921904,809.000001278779,-2.10440822940842,0.0356508181685164,hiloBX,0.0702729994042191,R,330
RH_Limbic_TempPole_7,-0.0557492754629634,0.0232763412017538,809.000002818368,-2.39510475378161,0.016842096169266,hiloBX,0.0366132525418827,R,331
RH_Cont_Par_1,0.272014050925926,0.027708170806821,809.000129940101,9.81710603786817,1.43819020234007e-21,hiloBX,5.22978255396391e-20,R,332
RH_Cont_Par_2,0.25368932175926,0.0249327288898483,809.000000057234,10.1749520832657,5.77571838053502e-23,hiloBX,2.63186277709763e-21,R,333
RH_Cont_Par_3,0.231696030092592,0.0284079503366146,809.000060644537,8.15602770869261,1.31702405629176e-15,hiloBX,1.81658490523001e-14,R,334
RH_Cont_Par_4,0.111122625000001,0.0206114080989522,809.000000242154,5.39131652075969,9.18430987847349e-08,hiloBX,6.02249828096622e-07,R,335
RH_Cont_Par_5,0.227428814814814,0.0245933796117111,808.998114261589,9.24756249061904,1.99609999699218e-19,hiloBX,4.20231578314142e-18,R,336
RH_Cont_Par_6,0.30512773611111,0.0281449088130925,809.000000771756,10.8413119451704,1.15429681835269e-25,hiloBX,1.15429681835269e-23,R,337
RH_Cont_Temp_1,0.0695793819444445,0.0256290528532564,809.000001049158,2.71486357076219,0.00677157070377103,hiloBX,0.0171432169715722,R,338
RH_Cont_Temp_2,0.125434388888889,0.0216002066692132,809.000021471735,5.80709207137686,9.13060353720349e-09,hiloBX,6.76341002755815e-08,R,339
RH_Cont_PFCv_1,0.223900502314815,0.0184990123318743,809.000001297181,12.1033760234339,4.12587494365355e-31,hiloBX,1.65034997746142e-28,R,340
RH_Cont_PFCl_1,0.0910187731481482,0.0422762854022587,809.000001190034,2.15295105239509,0.0316175360221903,hiloBX,0.0632350720443806,R,341
RH_Cont_PFCl_2,0.193649488425926,0.0224608535059709,809.000000532682,8.62164424759938,3.44781002711413e-17,hiloBX,5.51649604338261e-16,R,342
RH_Cont_PFCl_3,0.12315650462963,0.0212016399202252,809.000000331747,5.80881974663408,9.04063191930797e-09,hiloBX,6.76341002755815e-08,R,343
RH_Cont_PFCl_4,0.0181239305555555,0.0195241950281423,809.000001351581,0.92828055289509,0.353538930096901,hiloBX,0.440546953391776,R,344
RH_Cont_PFCl_5,0.110374229166667,0.0216321155448478,809.000168173993,5.10233171313451,4.18325888298759e-07,hiloBX,2.46074051940446e-06,R,345
RH_Cont_PFCl_6,0.116893280092592,0.0235375886917329,809.000000415743,4.9662385397043,8.32964386782534e-07,hiloBX,4.56418842072621e-06,R,346
RH_Cont_PFCl_7,0.11026856712963,0.0220902686689368,809.000020006185,4.991725939698,7.33071421323627e-07,hiloBX,4.07261900735348e-06,R,347
RH_Cont_PFCl_8,0.0811210115740738,0.0184751651319609,809.000020595537,4.39081388418766,1.27915496646868e-05,hiloBX,6.01955278338204e-05,R,348
RH_Cont_PFCl_9,0.253426375,0.0267557634647081,809.000000228531,9.47184240637646,2.94057547791612e-20,hiloBX,7.35143869479029e-19,R,349
RH_Cont_PFCl_10,0.153725826388889,0.024690864064023,809.000000192226,6.22602052282497,7.6791306487893e-10,hiloBX,6.26867808064432e-09,R,350
RH_Cont_PFCl_11,0.150688099537037,0.0215439466093474,809.00009686603,6.99445195763977,5.58243566669655e-12,hiloBX,5.7255750427657e-11,R,351
RH_Cont_PFCl_12,0.239530886574075,0.0235475740436624,809.00000075322,10.1722107818806,5.92169124846966e-23,hiloBX,2.63186277709763e-21,R,352
RH_Cont_PFCl_13,0.19327950925926,0.0233734302366054,809.000065875953,8.26919743070327,5.51641209538734e-16,hiloBX,7.8805887076962e-15,R,353
RH_Cont_PFCl_14,0.165104928240741,0.0187563706880787,809.000001322347,8.80260531136122,8.00871738195487e-18,hiloBX,1.39282041425302e-16,R,354
RH_Cont_PFCl_15,0.0784805254629632,0.0170630838514586,809.000001709553,4.59943385065498,4.91518959899296e-06,hiloBX,2.45759479949648e-05,R,355
RH_Cont_pCun_1,0.175441821759259,0.0305869617976058,809.000097763937,5.7358368222434,1.37058815335759e-08,hiloBX,9.96791384260064e-08,R,356
RH_Cont_pCun_2,0.14846369675926,0.0229458422077736,809.000000426839,6.47017858028168,1.6941782694162e-10,hiloBX,1.50593623948106e-09,R,357
RH_Cont_Cing_1,0.0852771157407404,0.0284708889387075,809.000144580966,2.99523895879493,0.00282594933263654,hiloBX,0.0079047533780043,R,358
RH_Cont_Cing_2,0.064284664351852,0.0200870907555229,809.000001396347,3.20029740166216,0.00142641128243881,hiloBX,0.00422640379981871,R,359
RH_Cont_PFCmp_1,0.118343604166667,0.017750546905868,809.000085160766,6.6670398830103,4.8305421408227e-11,hiloBX,4.49352757285832e-10,R,360
RH_Cont_PFCmp_2,0.217680034722222,0.020643431419534,809.000000367963,10.5447602338166,1.90226110246661e-24,hiloBX,1.08700634426664e-22,R,361
RH_Default_Par_1,0.0595687847222221,0.0225352712254017,809.000020994823,2.64335778905897,0.00836767990331819,hiloBX,0.0205341838118238,R,362
RH_Default_Par_2,0.00415827777777823,0.0189188428805242,809.000000961163,0.219795565935954,0.826085820346284,hiloBX,0.856047482224128,R,363
RH_Default_Par_3,0.110583553240741,0.0210973641045392,809.000003491813,5.2415814929671,2.03317673007374e-07,hiloBX,1.25118568004538e-06,R,364
RH_Default_Par_4,0.221832650462963,0.0254282611199241,809.00001074549,8.7238623756757,1.51611449426974e-17,hiloBX,2.52685749044957e-16,R,365
RH_Default_Par_5,0.191969025462963,0.0256861500155786,809.000086458245,7.47363950403364,2.02715434281693e-13,hiloBX,2.25239371424103e-12,R,366
RH_Default_Temp_1,0.0192934004629627,0.0188020788068346,809.000000194676,1.02613124118752,0.305136438436965,hiloBX,0.391200562098673,R,367
RH_Default_Temp_2,0.0260686828703701,0.0272112556435571,809.000020805563,0.958011023520793,0.338343404910533,hiloBX,0.426931741212029,R,368
RH_Default_Temp_3,-0.00473969907407414,0.0174485869778623,809.000001459397,-0.271637988800331,0.785969688641215,hiloBX,0.833920094049035,R,369
RH_Default_Temp_4,-0.0076474490740743,0.020458234673218,809.000000248376,-0.373807867405375,0.708645206946886,hiloBX,0.766102926429066,R,370
RH_Default_Temp_5,0.186292844907407,0.0243863806291598,809.000047242787,7.63921664884738,6.17666980529483e-14,hiloBX,7.23191526576659e-13,R,371
RH_Default_Temp_6,0.0739360486111114,0.0207666857901369,809.00014535811,3.56032008950736,0.000392022795251325,hiloBX,0.00128532064016828,R,372
RH_Default_Temp_7,0.0973017754629632,0.0229029102555408,809.00002108097,4.24844591265093,2.40293337791293e-05,hiloBX,0.000104475364257084,R,373
RH_Default_Temp_8,0.00656701620370374,0.0212926936200499,809.000025738512,0.308416413671591,0.757844890890055,hiloBX,0.808367883616059,R,374
RH_Default_PFCv_1,0.0456253749999997,0.0178885960482278,809.000166847142,2.55052855333048,0.0109391204016408,hiloBX,0.0254398148875368,R,375
RH_Default_PFCv_2,-0.000851847222222189,0.0215367579151716,809.000003053858,-0.0395531781328193,0.968459115179145,hiloBX,0.971969706941561,R,376
RH_Default_PFCv_3,0.133400870370371,0.0222024869977747,809.000002287946,6.00837511508243,2.8313366924957e-09,hiloBX,2.17795130191977e-08,R,377
RH_Default_PFCv_4,0.156864032407408,0.021747744244673,809.000078917414,7.212887490427,1.2601364053933e-12,hiloBX,1.36230962745222e-11,R,378
RH_Default_PFCdPFCm_1,-0.118051409722222,0.0287397495392721,809.000000422429,-4.10760050503945,4.40461130772676e-05,hiloBX,0.000187430268413905,R,379
RH_Default_PFCdPFCm_2,-0.0311571805555554,0.0239334077050718,809.000020363961,-1.30182801126781,0.193345740391971,hiloBX,0.275225253227005,R,380
RH_Default_PFCdPFCm_3,-0.0017315300925926,0.0161314348705278,809.000021241999,-0.107338876329973,0.914546756853507,hiloBX,0.930836393744027,R,381
RH_Default_PFCdPFCm_4,0.0111857662037037,0.0158582072251338,809.000000291769,0.705361334033729,0.480788439051897,hiloBX,0.570668770388008,R,382
RH_Default_PFCdPFCm_5,0.057102925925926,0.0194753309085747,809.000001153964,2.93206447654167,0.00346212841702302,hiloBX,0.00948528333430965,R,383
RH_Default_PFCdPFCm_6,0.029555229166667,0.0149920368087162,809.000001206298,1.97139518424101,0.0490190931562938,hiloBX,0.0907760984375812,R,384
RH_Default_PFCdPFCm_7,0.0367399675925928,0.0183115017636883,809.000003692624,2.00638746437762,0.0451473159461903,hiloBX,0.0855873288079438,R,385
RH_Default_PFCdPFCm_8,0.0433960810185185,0.0174745161247653,809.000001924399,2.48339242750285,0.0132153141529294,hiloBX,0.0295314282747025,R,386
RH_Default_PFCdPFCm_9,0.184541421296297,0.0189906533209375,809.000103550977,9.71748671188877,3.46488023823024e-21,hiloBX,1.06611699637854e-19,R,387
RH_Default_PFCdPFCm_10,-0.00758942129629626,0.0164141775509305,809.000001284765,-0.462369879498839,0.643940420824403,hiloBX,0.713610379400339,R,388
RH_Default_PFCdPFCm_11,0.0858776296296296,0.0161197519079305,809.000066899283,5.32747837064292,1.2918889308563e-07,hiloBX,8.33476729584712e-07,R,389
RH_Default_PFCdPFCm_12,0.0705915393518518,0.0175074131819267,809.000001003973,4.03209421165231,6.05090437582177e-05,hiloBX,0.000246975688809052,R,390
RH_Default_PFCdPFCm_13,0.102313412037037,0.0148742073650882,809.000072661823,6.87857910850296,1.2102277157511e-11,hiloBX,1.15259782452486e-10,R,391
RH_Default_pCunPCC_1,-0.0789918773148142,0.018153417647271,809.000021349848,-4.35135018924049,1.52619385040009e-05,hiloBX,7.01622796491285e-05,R,392
RH_Default_pCunPCC_2,0.0363450925925926,0.0256646161455176,809.000001181643,1.41615570583706,0.157114818015026,hiloBX,0.230204861560478,R,393
RH_Default_pCunPCC_3,0.0257149305555556,0.02435853417304,809.000001192362,1.05568464723205,0.291427468806532,hiloBX,0.379958721495334,R,394
RH_Default_pCunPCC_4,-0.0348879861111099,0.0235188709518082,809.000002927941,-1.48340395177123,0.138356580827575,hiloBX,0.208840122003887,R,395
RH_Default_pCunPCC_5,0.0858343402777778,0.0260501335974459,809.000020715634,3.29496737345691,0.00102716382207231,hiloBX,0.00311261764264336,R,396
RH_Default_pCunPCC_6,0.0152920578703703,0.0226027950502994,809.000001461381,0.67655605584796,0.498881051524063,hiloBX,0.587413542719725,R,397
RH_Default_pCunPCC_7,0.0288593541666666,0.0184806623452833,809.000021697193,1.56159739448041,0.118773939928649,hiloBX,0.182729138351768,R,398
RH_Default_pCunPCC_8,0.040413796296296,0.0228952527478367,809.000023710589,1.76516052220103,0.077914021125476,hiloBX,0.129500502144114,R,399
RH_Default_pCunPCC_9,0.017110363425926,0.0174624794532022,809.000000098281,0.979835851591415,0.327460070941095,hiloBX,0.415822312306152,R,400
